"","V1"
"1","AAAS"
"2","AASDHPPT"
"3","AATK"
"4","ABC12-49244600F4.3"
"5","ABCA1"
"6","ABCA10"
"7","ABCA2"
"8","ABCA3"
"9","ABCA5"
"10","ABCA8"
"11","ABCB8"
"12","ABCC11"
"13","ABCC4"
"14","ABCC8"
"15","ABCC9"
"16","ABCD2"
"17","ABHD10"
"18","ABHD2"
"19","ABHD3"
"20","ABHD6"
"21","ABI1"
"22","ABI2"
"23","ABI3BP"
"24","ABLIM1"
"25","ABTB2"
"26","AC002429.5"
"27","AC003029.1"
"28","AC003080.4"
"29","AC003665.1"
"30","AC003991.3"
"31","AC004901.1"
"32","AC004987.7"
"33","AC005037.3"
"34","AC005154.6"
"35","AC005754.7"
"36","AC006032.1"
"37","AC006547.13"
"38","AC007092.1"
"39","AC007682.1"
"40","AC007796.1"
"41","AC008393.2"
"42","AC009120.4"
"43","AC011290.4"
"44","AC011524.1"
"45","AC011747.7"
"46","AC012309.5"
"47","AC012593.1"
"48","AC016747.2"
"49","AC016907.3"
"50","AC023590.1"
"51","AC034220.3"
"52","AC072061.2"
"53","AC073283.4"
"54","AC074363.1"
"55","AC074391.1"
"56","AC079117.1"
"57","AC079135.1"
"58","AC083843.1"
"59","AC084018.1"
"60","AC087859.1"
"61","AC090044.1"
"62","AC090937.2"
"63","AC091969.1"
"64","AC092155.4"
"65","AC092594.1"
"66","AC093415.2"
"67","AC093726.6"
"68","AC096574.5"
"69","AC099057.8"
"70","AC108142.1"
"71","AC145212.1"
"72","ACACB"
"73","ACADM"
"74","ACADVL"
"75","ACAP3"
"76","ACBD4"
"77","ACER3"
"78","ACO2"
"79","ACOX1"
"80","ACSL1"
"81","ACSL6"
"82","ACSM5"
"83","ACSS1"
"84","ACSS3"
"85","ACTB"
"86","ACTN1"
"87","ACTR3"
"88","ACTR3B"
"89","ADAM12"
"90","ADAMTS14"
"91","ADAMTS17"
"92","ADAMTS4"
"93","ADAMTS6"
"94","ADAMTS9"
"95","ADAMTSL3"
"96","ADAMTSL4-AS1"
"97","ADARB2"
"98","ADCY1"
"99","ADCY2"
"100","ADCY5"
"101","ADCY7"
"102","ADCY8"
"103","ADD2"
"104","ADD3"
"105","ADGRB1"
"106","ADGRB3"
"107","ADGRG1"
"108","ADGRG5"
"109","ADGRL1"
"110","ADGRL3"
"111","ADGRV1"
"112","ADK"
"113","ADORA2B"
"114","ADRA1D"
"115","AEBP1"
"116","AF131217.1"
"117","AFF1"
"118","AFF3"
"119","AGAP1"
"120","AGAP2"
"121","AGBL1"
"122","AGBL4"
"123","AGFG2"
"124","AGL"
"125","AGT"
"126","AGTPBP1"
"127","AHCTF1"
"128","AHCYL1"
"129","AHCYL2"
"130","AHDC1"
"131","AHNAK"
"132","AIF1L"
"133","AK3"
"134","AK8"
"135","AK9"
"136","AKAP12"
"137","AKAP6"
"138","AKNA"
"139","AKR1C1"
"140","AKR1C3"
"141","AL035209.2"
"142","AL109761.3"
"143","AL121656.4"
"144","AL592183.1"
"145","ALCAM"
"146","ALDH1A1"
"147","ALDH1L1"
"148","ALDH7A1"
"149","ALDH9A1"
"150","ALK"
"151","ALPK1"
"152","ALS2CL"
"153","ALS2CR11"
"154","ALS2CR12"
"155","AMMECR1"
"156","AMZ2"
"157","ANAPC1"
"158","ANAPC5"
"159","ANGPT1"
"160","ANGPTL4"
"161","ANK2"
"162","ANKEF1"
"163","ANKRD18A"
"164","ANKRD24"
"165","ANKRD28"
"166","ANKRD33B"
"167","ANKRD36"
"168","ANKRD36C"
"169","ANKRD44"
"170","ANLN"
"171","ANO1"
"172","ANO2"
"173","ANO6"
"174","ANOS1"
"175","ANP32A"
"176","ANTXR1"
"177","ANTXR2"
"178","ANXA1"
"179","AP000230.1"
"180","AP000462.1"
"181","AP000692.9"
"182","AP000797.3"
"183","AP001347.6"
"184","AP002884.2"
"185","APBB2"
"186","APC"
"187","APC2"
"188","APIP"
"189","APLF"
"190","APLNR"
"191","APOE"
"192","APOOL"
"193","APP"
"194","AQP1"
"195","AQP4"
"196","ARAP1"
"197","ARAP2"
"198","ARF1"
"199","ARF3"
"200","ARGLU1"
"201","ARHGAP21"
"202","ARHGAP24"
"203","ARHGAP26"
"204","ARHGAP29"
"205","ARHGAP39"
"206","ARHGAP6"
"207","ARHGEF1"
"208","ARHGEF10L"
"209","ARHGEF17"
"210","ARHGEF3"
"211","ARHGEF4"
"212","ARL1"
"213","ARL13B"
"214","ARL6IP1"
"215","ARL8A"
"216","ARMC8"
"217","ARMCX4"
"218","ARNTL"
"219","ARPP21"
"220","ARRB1"
"221","ARRDC3"
"222","ARRDC4"
"223","ARSE"
"224","ARSF"
"225","ART3"
"226","ASAP1"
"227","ASAP2"
"228","ASH1L"
"229","ASIC1"
"230","ASPH"
"231","ASS1"
"232","ASTN1"
"233","ASXL2"
"234","ATAD1"
"235","ATAD3C"
"236","ATF4"
"237","ATF7IP"
"238","ATF7IP2"
"239","ATG10"
"240","ATG7"
"241","ATL1"
"242","ATL3"
"243","ATP10B"
"244","ATP11C"
"245","ATP1A2"
"246","ATP1B1"
"247","ATP1B2"
"248","ATP2A2"
"249","ATP2B2"
"250","ATP2B4"
"251","ATP5I"
"252","ATP8A1"
"253","ATP9A"
"254","ATR"
"255","ATXN1"
"256","AVL9"
"257","B3GAT2"
"258","B3GLCT"
"259","BACH2"
"260","BAG3"
"261","BAIAP2"
"262","BAIAP3"
"263","BAMBI"
"264","BASP1"
"265","BBS2"
"266","BBS7"
"267","BCAN"
"268","BCAR3"
"269","BCAS3"
"270","BCAT2"
"271","BCHE"
"272","BCL2"
"273","BCL6"
"274","BCLAF1"
"275","BCO1"
"276","BCR"
"277","BDH2"
"278","BDNF-AS1"
"279","BEST1"
"280","BET1"
"281","BHLHE40"
"282","BICC1"
"283","BIN3"
"284","BIRC2"
"285","BIRC6"
"286","BLM"
"287","BLOC1S2"
"288","BMPR1B"
"289","BMS1P1"
"290","BNC2"
"291","BOC"
"292","BRD3"
"293","BRINP1"
"294","BRINP2"
"295","BRINP3"
"296","BRIP1"
"297","BRSK2"
"298","BSG"
"299","BTAF1"
"300","BTBD11"
"301","BTBD17"
"302","BTBD2"
"303","BTG2"
"304","C10orf107"
"305","C10orf11"
"306","C10orf110"
"307","C10orf76"
"308","C10orf90"
"309","C11orf1"
"310","C11orf80"
"311","C12orf4"
"312","C14orf159"
"313","C14orf23"
"314","C15orf59"
"315","C16orf62"
"316","C16orf74"
"317","C16orf88"
"318","C16orf95"
"319","C17orf89"
"320","C18orf8"
"321","C19orf18"
"322","C1GALT1"
"323","C1QTNF3-AMACR"
"324","C1R"
"325","C1RL"
"326","C1S"
"327","C1orf101"
"328","C1orf21"
"329","C1orf220"
"330","C1orf228"
"331","C1orf27"
"332","C1orf61"
"333","C1orf95"
"334","C21orf2"
"335","C22orf23"
"336","C2CD2"
"337","C2CD5"
"338","C2orf58"
"339","C2orf80"
"340","C2orf91"
"341","C3"
"342","C4orf50"
"343","C5"
"344","C5orf17"
"345","C5orf64"
"346","C8orf34"
"347","C8orf37"
"348","C8orf46"
"349","C9orf3"
"350","C9orf72"
"351","CA11"
"352","CA12"
"353","CA5BP"
"354","CAB39L"
"355","CABLES1"
"356","CACHD1"
"357","CACNA2D1"
"358","CACNA2D2"
"359","CACNA2D3"
"360","CACNB2"
"361","CACNG4"
"362","CAD"
"363","CADM1"
"364","CADM2"
"365","CADPS"
"366","CALCOCO2"
"367","CALD1"
"368","CALN1"
"369","CAMK2B"
"370","CAMK2G"
"371","CAMK4"
"372","CAPG"
"373","CAPN9"
"374","CARNMT1"
"375","CARS2"
"376","CASC2"
"377","CASC5"
"378","CASP6"
"379","CAST"
"380","CBX6"
"381","CCDC109B"
"382","CCDC120"
"383","CCDC127"
"384","CCDC138"
"385","CCDC141"
"386","CCDC144B"
"387","CCDC15"
"388","CCDC170"
"389","CCDC175"
"390","CCDC192"
"391","CCDC3"
"392","CCDC7"
"393","CCDC80"
"394","CCDC85A"
"395","CCDC88A"
"396","CCDC88C"
"397","CCDC90B"
"398","CCND2"
"399","CCND3"
"400","CCNG1"
"401","CD109"
"402","CD164"
"403","CD38"
"404","CD44"
"405","CD58"
"406","CD74"
"407","CDH10"
"408","CDH11"
"409","CDH13"
"410","CDH20"
"411","CDH23"
"412","CDH26"
"413","CDH8"
"414","CDHR3"
"415","CDK5RAP2"
"416","CDO1"
"417","CDYL2"
"418","CECR2"
"419","CELF1"
"420","CELF4"
"421","CENPP"
"422","CENPT"
"423","CEP112"
"424","CEP192"
"425","CEP350"
"426","CEP63"
"427","CEP85L"
"428","CEP89"
"429","CERCAM"
"430","CERKL"
"431","CERS2"
"432","CERS6"
"433","CETN2"
"434","CFAP46"
"435","CFAP47"
"436","CFAP54"
"437","CFAP61"
"438","CFAP70"
"439","CFAP77"
"440","CFAP99"
"441","CGRRF1"
"442","CH17-472G23.1"
"443","CH17-472G23.2"
"444","CH17-472G23.4"
"445","CHCHD7"
"446","CHD3"
"447","CHD8"
"448","CHD9"
"449","CHI3L1"
"450","CHKA"
"451","CHKB"
"452","CHL1"
"453","CHPT1"
"454","CHST11"
"455","CHST3"
"456","CHST6"
"457","CHST9"
"458","CHST9-AS1"
"459","CIRBP"
"460","CLCN4"
"461","CLDN10"
"462","CLDN12"
"463","CLDN15"
"464","CLEC16A"
"465","CLGN"
"466","CLHC1"
"467","CLIC4"
"468","CLIP1"
"469","CLIP2"
"470","CLIP3"
"471","CLIP4"
"472","CLK4"
"473","CLMN"
"474","CLN3"
"475","CLN6"
"476","CLPP"
"477","CLSTN1"
"478","CLTCL1"
"479","CLU"
"480","CLVS1"
"481","CLYBL"
"482","CMP21-T1230.1"
"483","CNDP1"
"484","CNKSR2"
"485","CNKSR3"
"486","CNN3"
"487","CNOT1"
"488","CNST"
"489","CNTFR"
"490","CNTN1"
"491","CNTN2"
"492","CNTN3"
"493","CNTNAP1"
"494","CNTNAP3"
"495","CNTNAP3B"
"496","COBL"
"497","COL11A1"
"498","COL15A1"
"499","COL16A1"
"500","COL18A1"
"501","COL21A1"
"502","COL23A1"
"503","COL24A1"
"504","COL27A1"
"505","COL4A4"
"506","COL5A1"
"507","COL5A3"
"508","COL6A2"
"509","COL6A3"
"510","COL8A1"
"511","COL9A3"
"512","COLEC12"
"513","COLGALT2"
"514","COLQ"
"515","COPG2"
"516","CORO1C"
"517","CORO2A"
"518","COTL1"
"519","COX17"
"520","COX7C"
"521","CP"
"522","CPAMD8"
"523","CPE"
"524","CPEB3"
"525","CPM"
"526","CPNE5"
"527","CPNE8"
"528","CPO"
"529","CPPED1"
"530","CPS1"
"531","CRB2"
"532","CREB5"
"533","CREBRF"
"534","CREBZF"
"535","CRISPLD1"
"536","CRNDE"
"537","CROCCP2"
"538","CRTC3"
"539","CRYAB"
"540","CRYBB2P1"
"541","CRYBG3"
"542","CSF1"
"543","CSMD1"
"544","CSMD2"
"545","CSMD3"
"546","CSPG5"
"547","CSRNP1"
"548","CSRP1"
"549","CST3"
"550","CTB-131B5.5"
"551","CTB-88F18.5"
"552","CTC-228N24.3"
"553","CTC-255N20.1"
"554","CTC-340A15.2"
"555","CTC-347C20.1"
"556","CTC-358I24.1"
"557","CTC-454M9.1"
"558","CTC-459I6.1"
"559","CTC-467M3.1"
"560","CTC-498M16.4"
"561","CTC-499B15.5"
"562","CTC-523E23.8"
"563","CTC-559E9.6"
"564","CTCF"
"565","CTD-2007H13.3"
"566","CTD-2010I16.2"
"567","CTD-2026D20.3"
"568","CTD-2054N24.2"
"569","CTD-2127H9.1"
"570","CTD-2175A23.1"
"571","CTD-2192J16.22"
"572","CTD-2201E18.3"
"573","CTD-2228K2.7"
"574","CTD-2230D16.1"
"575","CTD-2286N8.1"
"576","CTD-2313N18.5"
"577","CTD-2335A18.1"
"578","CTD-2336H13.2"
"579","CTD-2337A12.1"
"580","CTD-2353F22.1"
"581","CTD-2378E12.1"
"582","CTD-2527I21.11"
"583","CTD-2547E10.2"
"584","CTD-2555K7.2"
"585","CTD-2562J15.6"
"586","CTD-2572N17.1"
"587","CTD-2587H24.10"
"588","CTD-2611K5.6"
"589","CTD-3014M21.4"
"590","CTD-3025N20.2"
"591","CTD-3138B18.5"
"592","CTD-3193K9.4"
"593","CTDSP2"
"594","CTDSPL"
"595","CTNNA2"
"596","CTNNBIP1"
"597","CTNND2"
"598","CTSH"
"599","CTTN"
"600","CUL9"
"601","CXCL12"
"602","CXCL14"
"603","CXorf24"
"604","CYB5B"
"605","CYP2J2"
"606","CYP4F11"
"607","CYP4F3"
"608","CYP4Z1"
"609","CYR61"
"610","CYSTM1"
"611","DAAM1"
"612","DAAM2"
"613","DAB1"
"614","DAB2IP"
"615","DACH1"
"616","DALRD3"
"617","DAPK1"
"618","DAPK3"
"619","DAZAP2"
"620","DBI"
"621","DBNDD1"
"622","DBR1"
"623","DBX2"
"624","DCAF6"
"625","DCC"
"626","DCDC1"
"627","DCLK1"
"628","DCLK2"
"629","DCN"
"630","DCX"
"631","DDB2"
"632","DDIT4"
"633","DDO"
"634","DDR2"
"635","DDX17"
"636","DDX31"
"637","DDX3X"
"638","DDX5"
"639","DEC1"
"640","DEF8"
"641","DENND1B"
"642","DENND4C"
"643","DGCR2"
"644","DGKB"
"645","DGKG"
"646","DGKZ"
"647","DHRS3"
"648","DHTKD1"
"649","DHX34"
"650","DHX38"
"651","DHX58"
"652","DIO2"
"653","DIP2A"
"654","DIRC3"
"655","DISC1"
"656","DISP3"
"657","DIXDC1"
"658","DKK3"
"659","DLG2"
"660","DLGAP1"
"661","DMD"
"662","DNAAF1"
"663","DNAH7"
"664","DNAH9"
"665","DNAJA2"
"666","DNAJB1"
"667","DNAJC21"
"668","DNER"
"669","DNM1L"
"670","DNM3"
"671","DOCK4"
"672","DOCK5"
"673","DOCK7"
"674","DOCK9"
"675","DOK5"
"676","DPP10"
"677","DPP6"
"678","DPY19L1"
"679","DPY19L3"
"680","DPYD"
"681","DPYS"
"682","DPYSL2"
"683","DPYSL3"
"684","DPYSL5"
"685","DRAIC"
"686","DSE"
"687","DST"
"688","DTNA"
"689","DUS2"
"690","DUSP1"
"691","DUSP6"
"692","DVL1"
"693","DYNC1I1"
"694","DYRK3"
"695","DZIP1L"
"696","EBF1"
"697","ECE1"
"698","ECHDC2"
"699","ECHDC3"
"700","ECSIT"
"701","EDIL3"
"702","EDNRA"
"703","EDNRB"
"704","EEPD1"
"705","EFEMP1"
"706","EFHD2"
"707","EFNA5"
"708","EFR3A"
"709","EFR3B"
"710","EGF"
"711","EGFEM1P"
"712","EGFR"
"713","EGLN3"
"714","EGR1"
"715","EHBP1L1"
"716","EHD4"
"717","EIF1"
"718","EIF1AY"
"719","EIF3B"
"720","EIF3E"
"721","EIF4A2"
"722","EIF4G3"
"723","EIF4H"
"724","ELL2"
"725","ELMO1"
"726","ELN"
"727","ELOVL2"
"728","ELOVL5"
"729","ELP4"
"730","EMID1"
"731","EML5"
"732","EML6"
"733","EMP1"
"734","EMX1"
"735","EMX2OS"
"736","ENAH"
"737","ENC1"
"738","ENDOD1"
"739","ENO2"
"740","ENO4"
"741","ENOX2"
"742","ENPP2"
"743","ENPP3"
"744","ENPP4"
"745","ENTPD5"
"746","EP400NL"
"747","EPB41"
"748","EPHA4"
"749","EPHA6"
"750","EPHX1"
"751","EPS15L1"
"752","EPS8"
"753","ERBB4"
"754","ERBIN"
"755","ERC2"
"756","ERCC6"
"757","ERI2"
"758","ERI3"
"759","ERMN"
"760","ESRRA"
"761","ESRRG"
"762","ETNPPL"
"763","ETV1"
"764","ETV5"
"765","ETV6"
"766","EVI5"
"767","EWSR1"
"768","EXO5"
"769","EXOC4"
"770","EXOSC10"
"771","EXPH5"
"772","EXT1"
"773","EYA1"
"774","EYA2"
"775","F3"
"776","F5"
"777","FA2H"
"778","FABP5"
"779","FABP7"
"780","FADS1"
"781","FADS2"
"782","FAHD2CP"
"783","FAM107A"
"784","FAM110B"
"785","FAM117A"
"786","FAM131A"
"787","FAM134B"
"788","FAM13B"
"789","FAM155A"
"790","FAM160B2"
"791","FAM168A"
"792","FAM171A1"
"793","FAM171B"
"794","FAM181B"
"795","FAM184A"
"796","FAM189A2"
"797","FAM19A1"
"798","FAM19A5"
"799","FAM219A"
"800","FAM47E"
"801","FAM47E-STBD1"
"802","FAM49A"
"803","FAM65C"
"804","FAM69A"
"805","FAM83D"
"806","FAP"
"807","FARP1"
"808","FAS"
"809","FAT3"
"810","FAT4"
"811","FBN2"
"812","FBXL16"
"813","FBXL2"
"814","FBXL20"
"815","FBXL4"
"816","FBXL7"
"817","FBXL8"
"818","FBXO15"
"819","FBXO32"
"820","FBXW4"
"821","FBXW7"
"822","FCHO2"
"823","FCHSD2"
"824","FDXR"
"825","FERMT2"
"826","FEZ1"
"827","FGD4"
"828","FGD6"
"829","FGF1"
"830","FGFR2"
"831","FGL1"
"832","FH"
"833","FHIT"
"834","FHL3"
"835","FIGNL1"
"836","FIRRE"
"837","FJX1"
"838","FKBP15"
"839","FKBP5"
"840","FLNA"
"841","FLRT2"
"842","FLVCR1-AS1"
"843","FLYWCH1"
"844","FMN2"
"845","FMNL3"
"846","FMO4"
"847","FN1"
"848","FNBP1"
"849","FNDC3B"
"850","FOLH1"
"851","FOS"
"852","FOSB"
"853","FOXN3"
"854","FOXO1"
"855","FOXO3"
"856","FREM2"
"857","FRG1JP"
"858","FRMD4A"
"859","FRMD5"
"860","FRMPD4"
"861","FRRS1"
"862","FRY"
"863","FSTL4"
"864","FSTL5"
"865","FTCDNL1"
"866","FUBP1"
"867","FUCA1"
"868","FUT8"
"869","FUT9"
"870","FXN"
"871","FXR2"
"872","FYB1"
"873","FYN"
"874","FZD3"
"875","FZD4"
"876","FZD6"
"877","FZD7"
"878","G6PD"
"879","GAB1"
"880","GABBR2"
"881","GABPB1-AS1"
"882","GABRA2"
"883","GABRB1"
"884","GABRD"
"885","GADD45G"
"886","GALNT15"
"887","GALNT16"
"888","GALNT18"
"889","GAN"
"890","GAPDH"
"891","GAREM1"
"892","GARNL3"
"893","GATM"
"894","GATS"
"895","GBP2"
"896","GCC2-AS1"
"897","GCLC"
"898","GEM"
"899","GFAP"
"900","GFRA2"
"901","GGTA1P"
"902","GINS3"
"903","GJC2"
"904","GLCCI1"
"905","GLE1"
"906","GLIDR"
"907","GLIS3"
"908","GLMP"
"909","GLRX3"
"910","GLS"
"911","GLTSCR1"
"912","GLUD1"
"913","GLUL"
"914","GMNN"
"915","GMPPB"
"916","GMPR"
"917","GMPS"
"918","GNA13"
"919","GNA14"
"920","GNAI1"
"921","GNAO1"
"922","GNAQ"
"923","GNB4"
"924","GNG7"
"925","GNL3"
"926","GOLGA5"
"927","GOLGA7"
"928","GOLGB1"
"929","GORASP1"
"930","GPC1"
"931","GPC4"
"932","GPC5"
"933","GPC6"
"934","GPHN"
"935","GPM6A"
"936","GPM6B"
"937","GPR108"
"938","GPR161"
"939","GPR17"
"940","GPR173"
"941","GPR37"
"942","GPR37L1"
"943","GPR75-ASB3"
"944","GPR78"
"945","GPRC5B"
"946","GPT2"
"947","GRAMD1B"
"948","GRAMD2"
"949","GRAMD3"
"950","GRASP"
"951","GREB1"
"952","GRIA1"
"953","GRIA2"
"954","GRIA3"
"955","GRIA4"
"956","GRID2"
"957","GRIK1"
"958","GRIK4"
"959","GRIN1"
"960","GRIN2B"
"961","GRM3"
"962","GRM8"
"963","GS1-124K5.14"
"964","GSE1"
"965","GSN"
"966","GSTM2"
"967","GSTM4"
"968","GSTM5"
"969","GTF2H2D"
"970","GUCA1B"
"971","GUCY1A2"
"972","GUCY1A3"
"973","GUCY2C"
"974","GULP1"
"975","GYG2"
"976","H3F3A"
"977","HACD3"
"978","HADHA"
"979","HADHB"
"980","HAP1"
"981","HAPLN1"
"982","HDAC10"
"983","HDAC4"
"984","HDAC9"
"985","HDX"
"986","HECTD2"
"987","HECW2"
"988","HEG1"
"989","HEPACAM"
"990","HEPH"
"991","HERC2P3"
"992","HHATL"
"993","HHLA2"
"994","HIF1A"
"995","HIF3A"
"996","HIGD2A"
"997","HILPDA"
"998","HIP1"
"999","HIP1R"
"1000","HIST1H1E"
"1001","HIVEP1"
"1002","HIVEP3"
"1003","HK2"
"1004","HKDC1"
"1005","HLTF"
"1006","HMBOX1"
"1007","HMGA2"
"1008","HMGCLL1"
"1009","HMGCS1"
"1010","HMGN3"
"1011","HNRNPA2B1"
"1012","HNRNPLL"
"1013","HNRNPU"
"1014","HOMER1"
"1015","HOMER2"
"1016","HOOK2"
"1017","HOPX"
"1018","HP1BP3"
"1019","HPS4"
"1020","HPSE2"
"1021","HS2ST1"
"1022","HS3ST4"
"1023","HS6ST1"
"1024","HS6ST3"
"1025","HSD17B6"
"1026","HSD17B7P2"
"1027","HSP90AA1"
"1028","HSP90B1"
"1029","HSPA12A"
"1030","HSPA13"
"1031","HSPB1"
"1032","HSPB8"
"1033","HSPE1"
"1034","HSPH1"
"1035","HTRA1"
"1036","HULC"
"1037","HVCN1"
"1038","HYDIN"
"1039","HYDIN2"
"1040","ID2"
"1041","IDH1"
"1042","IDH3B"
"1043","IFFO1"
"1044","IFI16"
"1045","IFLTD1"
"1046","IFRD1"
"1047","IFT122"
"1048","IGF1R"
"1049","IGF2R"
"1050","IGFBP7"
"1051","IGSF11"
"1052","IGSF8"
"1053","IKZF5"
"1054","IL10RA"
"1055","IL1RAPL1"
"1056","IL33"
"1057","IL6R"
"1058","ILDR2"
"1059","ILKAP"
"1060","IMMP2L"
"1061","IMPA1"
"1062","INHBA"
"1063","INHBB"
"1064","INO80E"
"1065","INPP4A"
"1066","INPP4B"
"1067","INSIG1"
"1068","INTS4P1"
"1069","IPO11"
"1070","IPP"
"1071","IQCA1"
"1072","IQCH"
"1073","IQCK"
"1074","IQSEC2"
"1075","IREB2"
"1076","IRS2"
"1077","ISOC1"
"1078","ITFG1"
"1079","ITGA2"
"1080","ITGA2B"
"1081","ITGA3"
"1082","ITGA6"
"1083","ITGA7"
"1084","ITGAL"
"1085","ITGAV"
"1086","ITGB4"
"1087","ITGB8"
"1088","ITGBL1"
"1089","ITM2C"
"1090","ITPA"
"1091","ITPKB"
"1092","ITPR1"
"1093","ITPR2"
"1094","IVD"
"1095","JADE1"
"1096","JAG1"
"1097","JAK1"
"1098","JAKMIP1"
"1099","JAKMIP2"
"1100","JAKMIP3"
"1101","JARID2"
"1102","JAZF1"
"1103","JDP2"
"1104","JOSD2"
"1105","JUN"
"1106","JUNB"
"1107","KALP"
"1108","KALRN"
"1109","KANK1"
"1110","KANK2"
"1111","KAZN"
"1112","KB-1047C11.2"
"1113","KCNC4"
"1114","KCND2"
"1115","KCNE4"
"1116","KCNH7"
"1117","KCNIP1"
"1118","KCNJ10"
"1119","KCNJ14"
"1120","KCNJ3"
"1121","KCNK10"
"1122","KCNK13"
"1123","KCNMA1"
"1124","KCNN2"
"1125","KCNN3"
"1126","KCNT2"
"1127","KCTD1"
"1128","KCTD12"
"1129","KCTD15"
"1130","KCTD2"
"1131","KCTD3"
"1132","KCTD8"
"1133","KDELR2"
"1134","KDM3A"
"1135","KDM5D"
"1136","KDM7A"
"1137","KHDRBS2"
"1138","KIAA0319L"
"1139","KIAA0930"
"1140","KIAA1161"
"1141","KIAA1211"
"1142","KIAA1257"
"1143","KIAA1549L"
"1144","KIAA1671"
"1145","KIAA1683"
"1146","KIAA1755"
"1147","KIF13A"
"1148","KIF13B"
"1149","KIF16B"
"1150","KIF18A"
"1151","KIF1A"
"1152","KIF1B"
"1153","KIF24"
"1154","KIF6"
"1155","KIFC3"
"1156","KIRREL3"
"1157","KIT"
"1158","KITLG"
"1159","KLF15"
"1160","KLF4"
"1161","KLF9"
"1162","KLHDC8A"
"1163","KLHL13"
"1164","KLHL23"
"1165","KLHL25"
"1166","KLHL29"
"1167","KLHL3"
"1168","KLHL32"
"1169","KLKB1"
"1170","KMT2C"
"1171","KNSTRN"
"1172","KREMEN1"
"1173","L3MBTL4"
"1174","LA16c-306E5.3"
"1175","LACTB2"
"1176","LAMA1"
"1177","LAMA2"
"1178","LAMA4"
"1179","LAMB4"
"1180","LAYN"
"1181","LCNL1"
"1182","LCOR"
"1183","LDLR"
"1184","LDLRAD4"
"1185","LEPROTL1"
"1186","LETM2"
"1187","LGI4"
"1188","LGR4"
"1189","LGR6"
"1190","LHFP"
"1191","LHFPL3"
"1192","LIFR"
"1193","LIMCH1"
"1194","LIMK2"
"1195","LIMS1"
"1196","LIMS2"
"1197","LIN28B"
"1198","LINC00173"
"1199","LINC00271"
"1200","LINC00299"
"1201","LINC00340"
"1202","LINC00461"
"1203","LINC00836"
"1204","LINC00908"
"1205","LINC01080"
"1206","LINC01138"
"1207","LINC01338"
"1208","LINGO2"
"1209","LIPT1"
"1210","LIX1"
"1211","LL22NC03-2H8.5"
"1212","LLNLF-96A1.1"
"1213","LLfos-48D6.2"
"1214","LMBR1"
"1215","LMNA"
"1216","LMO3"
"1217","LMTK2"
"1218","LONP2"
"1219","LONRF3"
"1220","LPIN1"
"1221","LPIN3"
"1222","LPP"
"1223","LRAT"
"1224","LRFN2"
"1225","LRIG1"
"1226","LRP1"
"1227","LRP1B"
"1228","LRP4"
"1229","LRRC1"
"1230","LRRC16A"
"1231","LRRC17"
"1232","LRRC3B"
"1233","LRRC4C"
"1234","LRRC55"
"1235","LRRC6"
"1236","LRRC63"
"1237","LRRC7"
"1238","LRRTM1"
"1239","LRRTM4"
"1240","LRSAM1"
"1241","LSAMP"
"1242","LSM5"
"1243","LSM6"
"1244","LTBP1"
"1245","LTBP3"
"1246","LUZP2"
"1247","LYG1"
"1248","LYN"
"1249","LYPD1"
"1250","LYPLAL1"
"1251","LZTS1"
"1252","MAATS1"
"1253","MACF1"
"1254","MAEA"
"1255","MAGED1"
"1256","MAGI1"
"1257","MAGI2"
"1258","MAGI3"
"1259","MAL"
"1260","MALAT1"
"1261","MAML2"
"1262","MAMLD1"
"1263","MAN1A2"
"1264","MAN1C1"
"1265","MAN2B1"
"1266","MAN2C1"
"1267","MAOA"
"1268","MAOB"
"1269","MAP1B"
"1270","MAP2"
"1271","MAP3K20"
"1272","MAP3K4"
"1273","MAP3K5"
"1274","MAP3K7CL"
"1275","MAP4K2"
"1276","MAP4K4"
"1277","MAP4K5"
"1278","MAP7"
"1279","MAPK10"
"1280","MAPK13"
"1281","MAPK8"
"1282","MAPKAP1"
"1283","MAPRE2"
"1284","MARCH1"
"1285","MARCH3"
"1286","MARCKS"
"1287","MARK1"
"1288","MARS"
"1289","MAST3"
"1290","MAST4"
"1291","MAT2A"
"1292","MATN2"
"1293","MBNL1"
"1294","MBOAT1"
"1295","MBP"
"1296","MBTD1"
"1297","MC1R"
"1298","MCC"
"1299","MCF2L"
"1300","MCF2L2"
"1301","MCL1"
"1302","MDGA2"
"1303","ME1"
"1304","MED11"
"1305","MED12L"
"1306","MED13L"
"1307","MEF2D"
"1308","MEG3"
"1309","MEGF9"
"1310","MEIS1"
"1311","MEIS2"
"1312","MERTK"
"1313","MEST"
"1314","METTL12"
"1315","MFGE8"
"1316","MFSD11"
"1317","MFSD2A"
"1318","MGAT4C"
"1319","MGLL"
"1320","MGMT"
"1321","MGST1"
"1322","MICAL1"
"1323","MICAL2"
"1324","MICALL2"
"1325","MIEN1"
"1326","MINK1"
"1327","MINOS1"
"1328","MIR181A1HG"
"1329","MIR325HG"
"1330","MIR34AHG"
"1331","MIR99AHG"
"1332","MKL1"
"1333","MKLN1"
"1334","MLC1"
"1335","MLH3"
"1336","MLLT3"
"1337","MMD2"
"1338","MMP16"
"1339","MMP17"
"1340","MMRN1"
"1341","MNT"
"1342","MOB3B"
"1343","MORC1"
"1344","MORN1"
"1345","MPC2"
"1346","MPND"
"1347","MPP3"
"1348","MPPED2"
"1349","MPRIP"
"1350","MPV17"
"1351","MRC1"
"1352","MRO"
"1353","MROH9"
"1354","MRPL11"
"1355","MRPL55"
"1356","MRPS30"
"1357","MRPS34"
"1358","MRVI1"
"1359","MSMO1"
"1360","MT-CO1"
"1361","MT-CO2"
"1362","MT-CO3"
"1363","MT-CYB"
"1364","MT-ND2"
"1365","MT-ND4"
"1366","MT-ND5"
"1367","MT-ND6"
"1368","MT-RNR1"
"1369","MT-RNR2"
"1370","MT-TL1"
"1371","MT-TT"
"1372","MT1E"
"1373","MT1X"
"1374","MTFR1"
"1375","MTHFD1L"
"1376","MTHFD2"
"1377","MTIF3"
"1378","MTM1"
"1379","MTMR12"
"1380","MTSS1L"
"1381","MTUS1"
"1382","MUM1"
"1383","MURC"
"1384","MVD"
"1385","MVP"
"1386","MX1"
"1387","MYBPC1"
"1388","MYBPHL"
"1389","MYEOV2"
"1390","MYH14"
"1391","MYH15"
"1392","MYH9"
"1393","MYLK"
"1394","MYLK4"
"1395","MYO10"
"1396","MYO15B"
"1397","MYO16"
"1398","MYO18A"
"1399","MYO5C"
"1400","MYO6"
"1401","MYOM1"
"1402","MYOZ2"
"1403","MYRIP"
"1404","MZT2A"
"1405","N4BP2"
"1406","N4BP2L2"
"1407","NAA16"
"1408","NAA50"
"1409","NADK"
"1410","NALCN"
"1411","NANOS3"
"1412","NASP"
"1413","NAV2"
"1414","NAV3"
"1415","NBEA"
"1416","NBL1"
"1417","NBPF19"
"1418","NBPF26"
"1419","NCAM2"
"1420","NCAN"
"1421","NCBP1"
"1422","NCKAP5"
"1423","NCRNA00185"
"1424","NDEL1"
"1425","NDFIP2"
"1426","NDRG1"
"1427","NDUFAF4"
"1428","NEAT1"
"1429","NEB"
"1430","NEBL"
"1431","NECAB2"
"1432","NECTIN1"
"1433","NECTIN3"
"1434","NEGR1"
"1435","NEK1"
"1436","NEK11"
"1437","NEK6"
"1438","NELL1"
"1439","NEXMIF"
"1440","NF1"
"1441","NFASC"
"1442","NFAT5"
"1443","NFATC2"
"1444","NFATC3"
"1445","NFIA"
"1446","NFIB"
"1447","NFIX"
"1448","NFKB1"
"1449","NFKBIA"
"1450","NFKBIZ"
"1451","NFS1"
"1452","NHSL1"
"1453","NID1"
"1454","NID2"
"1455","NIN"
"1456","NIPAL3"
"1457","NIT2"
"1458","NKAIN2"
"1459","NKAIN3"
"1460","NKAP"
"1461","NKTR"
"1462","NLGN1"
"1463","NLGN4X"
"1464","NLGN4Y"
"1465","NLRC4"
"1466","NLRP3"
"1467","NMI"
"1468","NMNAT1"
"1469","NMT1"
"1470","NMUR2"
"1471","NOC2L"
"1472","NOVA1"
"1473","NPAS3"
"1474","NPHP3"
"1475","NPL"
"1476","NPNT"
"1477","NPTXR"
"1478","NQO1"
"1479","NR2F1"
"1480","NR2F2"
"1481","NR3C2"
"1482","NR4A2"
"1483","NR4A3"
"1484","NRBP2"
"1485","NRG2"
"1486","NRG3"
"1487","NRG3-AS1"
"1488","NRP1"
"1489","NRXN1"
"1490","NRXN2"
"1491","NRXN3"
"1492","NSMAF"
"1493","NT5C2"
"1494","NT5DC3"
"1495","NTM"
"1496","NTNG1"
"1497","NTRK2"
"1498","NUAK1"
"1499","NUBPL"
"1500","NUDT1"
"1501","NUDT16L1"
"1502","NUDT6"
"1503","NUMB"
"1504","NUP210L"
"1505","NUP214"
"1506","NUPR1"
"1507","NXPH1"
"1508","OBSCN"
"1509","OCIAD2"
"1510","ODF2"
"1511","OGFRL1"
"1512","OLFM2"
"1513","OLIG1"
"1514","OMG"
"1515","ONECUT1"
"1516","OPCML"
"1517","OPTN"
"1518","OSBPL11"
"1519","OSBPL3"
"1520","OSBPL6"
"1521","OSBPL9"
"1522","OSGIN2"
"1523","OSMR"
"1524","OTUD7B"
"1525","OXR1"
"1526","P2RY1"
"1527","P2RY14"
"1528","P3H2"
"1529","P4HA2"
"1530","PACS1"
"1531","PACS2"
"1532","PACSIN2"
"1533","PADI2"
"1534","PAK1"
"1535","PALM"
"1536","PALM2"
"1537","PAMR1"
"1538","PAPLN"
"1539","PAPSS1"
"1540","PAQR8"
"1541","PARD3"
"1542","PARP12"
"1543","PATJ"
"1544","PAWR"
"1545","PCDH10"
"1546","PCDH11Y"
"1547","PCDH15"
"1548","PCDH17"
"1549","PCDH7"
"1550","PCDH9"
"1551","PCDHB2"
"1552","PCDHB3"
"1553","PCDHGB7"
"1554","PCDHGC3"
"1555","PCED1B"
"1556","PCF11"
"1557","PCLO"
"1558","PCSK4"
"1559","PCYT1B"
"1560","PDCD2L"
"1561","PDCD4"
"1562","PDCL2"
"1563","PDE10A"
"1564","PDE1C"
"1565","PDE3A"
"1566","PDE3B"
"1567","PDE4B"
"1568","PDE4DIP"
"1569","PDE5A"
"1570","PDE7B"
"1571","PDE8A"
"1572","PDGFD"
"1573","PDK4"
"1574","PDPN"
"1575","PDXK"
"1576","PDZK1"
"1577","PEG10"
"1578","PELI2"
"1579","PER1"
"1580","PER2"
"1581","PER3"
"1582","PEX5L"
"1583","PFDN5"
"1584","PFKFB1"
"1585","PFKFB2"
"1586","PFKFB3"
"1587","PFKP"
"1588","PGAP1"
"1589","PGM2L1"
"1590","PHEX"
"1591","PHF11"
"1592","PHF8"
"1593","PHLPP1"
"1594","PHYHD1"
"1595","PHYKPL"
"1596","PI16"
"1597","PIAS3"
"1598","PID1"
"1599","PIEZO1"
"1600","PIEZO2"
"1601","PIH1D2"
"1602","PIK3C2A"
"1603","PIK3R1"
"1604","PIK3R4"
"1605","PILRB"
"1606","PIP4K2A"
"1607","PIP4K2C"
"1608","PIP5K1C"
"1609","PIPOX"
"1610","PIR"
"1611","PITPNA"
"1612","PITPNC1"
"1613","PITPNM2"
"1614","PKD1"
"1615","PKD1L2"
"1616","PLA2G16"
"1617","PLA2G4C"
"1618","PLA2R1"
"1619","PLAGL1"
"1620","PLAT"
"1621","PLCB1"
"1622","PLCD3"
"1623","PLCE1"
"1624","PLCG1"
"1625","PLCH1"
"1626","PLCL1"
"1627","PLCXD3"
"1628","PLD1"
"1629","PLD2"
"1630","PLD5"
"1631","PLEC"
"1632","PLEKHA2"
"1633","PLEKHA5"
"1634","PLEKHA6"
"1635","PLEKHB1"
"1636","PLEKHG1"
"1637","PLEKHG3"
"1638","PLK5"
"1639","PLLP"
"1640","PLOD2"
"1641","PLP1"
"1642","PLPP1"
"1643","PLPP4"
"1644","PLS3"
"1645","PLSCR1"
"1646","PLXDC2"
"1647","PLXNA2"
"1648","PLXNA4"
"1649","PLXNB2"
"1650","PLXNB3"
"1651","PLXNC1"
"1652","PM20D1"
"1653","PMVK"
"1654","PNPLA2"
"1655","PNPLA6"
"1656","PNPLA7"
"1657","PODXL"
"1658","POLD4"
"1659","POLR1D"
"1660","POLR2F"
"1661","POLR2G"
"1662","POLR3A"
"1663","PON2"
"1664","POU2F1"
"1665","POU3F3"
"1666","PPA1"
"1667","PPARG"
"1668","PPARGC1A"
"1669","PPCS"
"1670","PPEF2"
"1671","PPFIA1"
"1672","PPFIA2"
"1673","PPFIBP2"
"1674","PPIA"
"1675","PPIE"
"1676","PPM1B"
"1677","PPM1E"
"1678","PPM1L"
"1679","PPP1R12B"
"1680","PPP1R8"
"1681","PPP1R9A"
"1682","PPP2CB"
"1683","PPP2R2B"
"1684","PPP3CC"
"1685","PPP4R2"
"1686","PQLC3"
"1687","PRDM15"
"1688","PRDM5"
"1689","PRDX6"
"1690","PRELP"
"1691","PREP"
"1692","PRICKLE2"
"1693","PRIMPOL"
"1694","PRKACA"
"1695","PRKCA"
"1696","PRKCE"
"1697","PRKCH"
"1698","PRKCQ"
"1699","PRKD1"
"1700","PRKD2"
"1701","PRKG1"
"1702","PRKX"
"1703","PRMT2"
"1704","PRNP"
"1705","PRORSD1P"
"1706","PRR11"
"1707","PRR13"
"1708","PRR16"
"1709","PRR26"
"1710","PRR5"
"1711","PRRT2"
"1712","PRRX1"
"1713","PRSS23"
"1714","PRTG"
"1715","PRUNE"
"1716","PRUNE2"
"1717","PSD2"
"1718","PSD3"
"1719","PSD4"
"1720","PSMB2"
"1721","PSMB5"
"1722","PSMD14"
"1723","PSMF1"
"1724","PSMG4"
"1725","PTAR1"
"1726","PTCH1"
"1727","PTCHD1"
"1728","PTCSC3"
"1729","PTDSS1"
"1730","PTGDS"
"1731","PTGES3"
"1732","PTH1R"
"1733","PTN"
"1734","PTPN20"
"1735","PTPN3"
"1736","PTPN9"
"1737","PTPRA"
"1738","PTPRD"
"1739","PTPRE"
"1740","PTPRF"
"1741","PTPRG"
"1742","PTPRJ"
"1743","PTPRT"
"1744","PTPRZ1"
"1745","PURG"
"1746","PWRN1"
"1747","PWWP2A"
"1748","PXDN"
"1749","PXK"
"1750","PYGL"
"1751","PYGM"
"1752","PYROXD2"
"1753","PYY"
"1754","QDPR"
"1755","QKI"
"1756","RAB10"
"1757","RAB11A"
"1758","RAB22A"
"1759","RAB23"
"1760","RAB31"
"1761","RAB3GAP1"
"1762","RAB40A"
"1763","RAB4A"
"1764","RAB6A"
"1765","RACK1"
"1766","RAD18"
"1767","RAD51B"
"1768","RADIL"
"1769","RALGAPA1"
"1770","RALGAPA2"
"1771","RAMP1"
"1772","RANBP2"
"1773","RANBP3L"
"1774","RAP1B"
"1775","RAPGEF3"
"1776","RAPGEF4"
"1777","RAPH1"
"1778","RARRES2"
"1779","RARRES3"
"1780","RASD1"
"1781","RASGEF1A"
"1782","RASGEF1B"
"1783","RASGEF1C"
"1784","RASGRP1"
"1785","RASGRP3"
"1786","RASL12"
"1787","RASSF4"
"1788","RB1"
"1789","RBBP6"
"1790","RBFOX1"
"1791","RBM12"
"1792","RBM25"
"1793","RBM28"
"1794","RBM42"
"1795","RBM43"
"1796","RBM44"
"1797","RBMS1"
"1798","RBPMS"
"1799","RC3H1"
"1800","RCAN2"
"1801","RCN3"
"1802","RCOR1"
"1803","RDH11"
"1804","RENBP"
"1805","REPS1"
"1806","RER1"
"1807","RERE"
"1808","RERG"
"1809","RET"
"1810","REV3L"
"1811","RFFL"
"1812","RFTN1"
"1813","RFX2"
"1814","RFX3"
"1815","RFX8"
"1816","RGCC"
"1817","RGL1"
"1818","RGL3"
"1819","RGN"
"1820","RGR"
"1821","RGS20"
"1822","RGS3"
"1823","RGS6"
"1824","RGS7"
"1825","RGS9"
"1826","RHBDD1"
"1827","RHBDD3"
"1828","RHBDL2"
"1829","RHBDL3"
"1830","RHOB"
"1831","RHOBTB3"
"1832","RHOF"
"1833","RHOT1"
"1834","RHOXF1-AS1"
"1835","RHPN1"
"1836","RHPN2"
"1837","RIBC2"
"1838","RILPL2"
"1839","RIMS1"
"1840","RIN3"
"1841","RLBP1"
"1842","RLF"
"1843","RMND1"
"1844","RMST"
"1845","RND1"
"1846","RNF122"
"1847","RNF144A"
"1848","RNF144B"
"1849","RNF150"
"1850","RNF180"
"1851","RNF19A"
"1852","RNF207"
"1853","RNF219-AS1"
"1854","RNF220"
"1855","ROBO2"
"1856","ROMO1"
"1857","ROR1"
"1858","RORA"
"1859","RORB"
"1860","RP1-122P22.2"
"1861","RP1-146A15.1"
"1862","RP1-186E20.2"
"1863","RP1-197B17.3"
"1864","RP1-209A6.1"
"1865","RP1-222E13.10"
"1866","RP1-292B18.4"
"1867","RP1-34B20.21"
"1868","RP1-84O15.2"
"1869","RP1-90L6.2"
"1870","RP1-93I3.1"
"1871","RP11-1006G14.2"
"1872","RP11-1007O24.3"
"1873","RP11-101O21.1"
"1874","RP11-106M7.1"
"1875","RP11-109A6.5"
"1876","RP11-10L7.1"
"1877","RP11-10O17.3"
"1878","RP11-1134I14.2"
"1879","RP11-114J13.1"
"1880","RP11-115D19.1"
"1881","RP11-116N8.1"
"1882","RP11-116O18.3"
"1883","RP11-119D9.5"
"1884","RP11-122C21.1"
"1885","RP11-122G18.10"
"1886","RP11-124A7.1"
"1887","RP11-12A1.1"
"1888","RP11-131M11.4"
"1889","RP11-133F8.2"
"1890","RP11-138A9.2"
"1891","RP11-139K4.1"
"1892","RP11-13B9.5"
"1893","RP11-146D12.2"
"1894","RP11-149P24.1"
"1895","RP11-154D6.1"
"1896","RP11-154H17.1"
"1897","RP11-156K13.1"
"1898","RP11-15B24.5"
"1899","RP11-15H20.6"
"1900","RP11-163N6.2"
"1901","RP11-165N12.2"
"1902","RP11-16N10.2"
"1903","RP11-170M17.1"
"1904","RP11-171A24.3"
"1905","RP11-174G6.1"
"1906","RP11-175P13.3"
"1907","RP11-176N18.2"
"1908","RP11-177G23.1"
"1909","RP11-179A16.1"
"1910","RP11-182I10.3"
"1911","RP11-184D12.1"
"1912","RP11-187E13.2"
"1913","RP11-187O7.3"
"1914","RP11-18H7.1"
"1915","RP11-18M11.2"
"1916","RP11-191L9.4"
"1917","RP11-196G11.2"
"1918","RP11-1A16.1"
"1919","RP11-204J18.3"
"1920","RP11-206L10.11"
"1921","RP11-206L10.9"
"1922","RP11-210M15.2"
"1923","RP11-212D19.4"
"1924","RP11-212P7.2"
"1925","RP11-212P7.3"
"1926","RP11-215A19.1"
"1927","RP11-217C7.1"
"1928","RP11-226E21.4"
"1929","RP11-226M10.3"
"1930","RP11-229D13.3"
"1931","RP11-23D24.2"
"1932","RP11-243A14.1"
"1933","RP11-259K15.3"
"1934","RP11-260G13.1"
"1935","RP11-261N11.14"
"1936","RP11-266E6.3"
"1937","RP11-266O8.1"
"1938","RP11-267A15.1"
"1939","RP11-268G12.1"
"1940","RP11-274B21.9"
"1941","RP11-274G22.1"
"1942","RP11-274H2.2"
"1943","RP11-280F2.2"
"1944","RP11-281A20.3"
"1945","RP11-284M14.1"
"1946","RP11-285F7.2"
"1947","RP11-296O14.3"
"1948","RP11-314O13.1"
"1949","RP11-316P17.2"
"1950","RP11-317J10.2"
"1951","RP11-317N12.1"
"1952","RP11-318C24.2"
"1953","RP11-31F15.2"
"1954","RP11-323P17.1"
"1955","RP11-327J17.3"
"1956","RP11-328J2.1"
"1957","RP11-32K4.1"
"1958","RP11-342D14.1"
"1959","RP11-346C4.2"
"1960","RP11-348J24.2"
"1961","RP11-350A18.1"
"1962","RP11-352G18.2"
"1963","RP11-355B11.2"
"1964","RP11-360L9.4"
"1965","RP11-363G15.2"
"1966","RP11-37C7.3"
"1967","RP11-382A18.1"
"1968","RP11-384E5.2"
"1969","RP11-384F7.2"
"1970","RP11-390B4.5"
"1971","RP11-390P2.4"
"1972","RP11-392O17.1"
"1973","RP11-397C12.1"
"1974","RP11-398F12.1"
"1975","RP11-398K22.12"
"1976","RP11-3B12.2"
"1977","RP11-400N13.1"
"1978","RP11-402L6.1"
"1979","RP11-403A3.3"
"1980","RP11-403I13.4"
"1981","RP11-407B7.1"
"1982","RP11-407G23.5"
"1983","RP11-40F8.2"
"1984","RP11-420A23.1"
"1985","RP11-422P15.3"
"1986","RP11-422P24.13"
"1987","RP11-428O18.6"
"1988","RP11-430C1.1"
"1989","RP11-432B6.3"
"1990","RP11-434C1.3"
"1991","RP11-436D23.1"
"1992","RP11-438E5.1"
"1993","RP11-441O15.3"
"1994","RP11-446J8.1"
"1995","RP11-447D11.2"
"1996","RP11-447J13.2"
"1997","RP11-449P15.2"
"1998","RP11-452L6.5"
"1999","RP11-452N4.1"
"2000","RP11-453E17.1"
"2001","RP11-464F9.21"
"2002","RP11-469A15.2"
"2003","RP11-473D24.1"
"2004","RP11-475O6.1"
"2005","RP11-479O17.12"
"2006","RP11-480C22.1"
"2007","RP11-483C6.2"
"2008","RP11-486O13.4"
"2009","RP11-488C13.5"
"2010","RP11-492E3.1"
"2011","RP11-492M23.1"
"2012","RP11-506O24.2"
"2013","RP11-509E10.3"
"2014","RP11-509J21.1"
"2015","RP11-511B23.2"
"2016","RP11-517I3.1"
"2017","RP11-523L20.2"
"2018","RP11-526N18.1"
"2019","RP11-550I24.2"
"2020","RP11-550P23.3"
"2021","RP11-554F20.1"
"2022","RP11-556H2.3"
"2023","RP11-557H15.3"
"2024","RP11-55K13.1"
"2025","RP11-563J2.2"
"2026","RP11-563P16.1"
"2027","RP11-564D11.3"
"2028","RP11-566K8.2"
"2029","RP11-568K15.1"
"2030","RP11-571L19.7"
"2031","RP11-572M11.4"
"2032","RP11-575F12.1"
"2033","RP11-582J16.4"
"2034","RP11-586D19.1"
"2035","RP11-58B17.1"
"2036","RP11-58H20.3"
"2037","RP11-595O22.1"
"2038","RP11-596D21.1"
"2039","RP11-597D13.7"
"2040","RP11-597D13.9"
"2041","RP11-60A24.3"
"2042","RP11-60A8.1"
"2043","RP11-611E13.2"
"2044","RP11-613M10.9"
"2045","RP11-624M8.1"
"2046","RP11-627D16.1"
"2047","RP11-627G23.1"
"2048","RP11-630A13.4"
"2049","RP11-631M6.2"
"2050","RP11-65F13.2"
"2051","RP11-661P17.1"
"2052","RP11-665G4.1"
"2053","RP11-667K14.3"
"2054","RP11-669M16.1"
"2055","RP11-66B24.5"
"2056","RP11-678G14.2"
"2057","RP11-690I21.2"
"2058","RP11-696N14.1"
"2059","RP11-69I8.3"
"2060","RP11-6N17.4"
"2061","RP11-702M1.1"
"2062","RP11-705C15.2"
"2063","RP11-708J19.1"
"2064","RP11-71N10.1"
"2065","RP11-727A23.10"
"2066","RP11-733C7.2"
"2067","RP11-734I18.1"
"2068","RP11-734K2.4"
"2069","RP11-735G4.1"
"2070","RP11-739G5.1"
"2071","RP11-74J13.8"
"2072","RP11-758M4.1"
"2073","RP11-770E5.1"
"2074","RP11-770G2.2"
"2075","RP11-773D16.1"
"2076","RP11-77P6.2"
"2077","RP11-783N5.1"
"2078","RP11-78F17.1"
"2079","RP11-792D21.2"
"2080","RP11-798K3.2"
"2081","RP11-799O21.1"
"2082","RP11-799O21.2"
"2083","RP11-80H5.9"
"2084","RP11-814P5.1"
"2085","RP11-819C21.1"
"2086","RP11-81N13.1"
"2087","RP11-823P9.1"
"2088","RP11-838N2.5"
"2089","RP11-856F16.2"
"2090","RP11-867G23.8"
"2091","RP11-86H7.1"
"2092","RP11-877E17.2"
"2093","RP11-87F15.2"
"2094","RP11-883A18.3"
"2095","RP11-884K10.5"
"2096","RP11-90B9.2"
"2097","RP11-90C4.1"
"2098","RP11-91H12.4"
"2099","RP11-946L20.2"
"2100","RP11-95D17.1"
"2101","RP11-96D1.8"
"2102","RP11-96H19.1"
"2103","RP11-981P6.1"
"2104","RP13-188A5.1"
"2105","RP13-507I23.1"
"2106","RP13-582O9.6"
"2107","RP3-394A18.1"
"2108","RP3-433F14.3"
"2109","RP3-461F17.3"
"2110","RP3-523C21.2"
"2111","RP4-537K23.4"
"2112","RP4-562J12.2"
"2113","RP4-569M23.4"
"2114","RP4-604G5.1"
"2115","RP4-625H18.2"
"2116","RP4-639F20.1"
"2117","RP4-673D20.3"
"2118","RP4-673D20.6"
"2119","RP4-694B14.5"
"2120","RP4-717I23.3"
"2121","RP4-736L20.5"
"2122","RP4-777O23.3"
"2123","RP4-794H19.2"
"2124","RP5-1021I20.1"
"2125","RP5-1043L13.1"
"2126","RP5-1099C19.2"
"2127","RP5-1159O4.1"
"2128","RP5-842K24.2"
"2129","RP5-855F14.1"
"2130","RP5-907D15.2"
"2131","RP5-912I13.2"
"2132","RP5-940J5.6"
"2133","RP5-965F6.2"
"2134","RP9"
"2135","RPE65"
"2136","RPL11"
"2137","RPL13"
"2138","RPL23"
"2139","RPL27A"
"2140","RPL34"
"2141","RPL35"
"2142","RPL35A"
"2143","RPL36AL"
"2144","RPL39L"
"2145","RPL7"
"2146","RPLP1"
"2147","RPLP2"
"2148","RPRD1B"
"2149","RPS10-NUDT3"
"2150","RPS11"
"2151","RPS12"
"2152","RPS2"
"2153","RPS27"
"2154","RPS4Y1"
"2155","RPS6"
"2156","RPS6KA2"
"2157","RPS6KA3"
"2158","RPS6KC1"
"2159","RRP1"
"2160","RRP7A"
"2161","RSBN1"
"2162","RSPH9"
"2163","RSPO4"
"2164","RSRC1"
"2165","RSRP1"
"2166","RTN1"
"2167","RTN4"
"2168","RTN4RL1"
"2169","RUFY3"
"2170","RUNX1"
"2171","RUNX1T1"
"2172","RXRA"
"2173","RXRG"
"2174","RYK"
"2175","RYR1"
"2176","RYR3"
"2177","S100A13"
"2178","S100A6"
"2179","S1PR1"
"2180","SAFB2"
"2181","SAMD4A"
"2182","SAMD8"
"2183","SAMHD1"
"2184","SAP30BP"
"2185","SAR1B"
"2186","SARAF"
"2187","SASH1"
"2188","SAT1"
"2189","SATB1"
"2190","SAXO1"
"2191","SBF2"
"2192","SCAMP1"
"2193","SCARB1"
"2194","SCARNA9"
"2195","SCD"
"2196","SCD5"
"2197","SCFD2"
"2198","SCG3"
"2199","SCGB2B2"
"2200","SCHLAP1"
"2201","SCLT1"
"2202","SCPEP1"
"2203","SCYL3"
"2204","SDC2"
"2205","SDC3"
"2206","SDC4"
"2207","SDK1"
"2208","SDK2"
"2209","SEC14L1"
"2210","SEC14L5"
"2211","SEC16A"
"2212","SEC24C"
"2213","SEC62"
"2214","SEL1L3"
"2215","SEM1"
"2216","SEMA3A"
"2217","SEMA3B"
"2218","SEMA3D"
"2219","SEMA3E"
"2220","SEMA4A"
"2221","SEMA4B"
"2222","SEMA5A"
"2223","SEMA5B"
"2224","SEMA6A"
"2225","SEMA6D"
"2226","SENP2"
"2227","SEPN1"
"2228","SEPT4"
"2229","SEPT7"
"2230","SERGEF"
"2231","SERINC1"
"2232","SERPINB9"
"2233","SERPINE2"
"2234","SERPINI2"
"2235","SERTM1"
"2236","SESN3"
"2237","SETBP1"
"2238","SEZ6"
"2239","SEZ6L"
"2240","SF1"
"2241","SF3A1"
"2242","SFMBT2"
"2243","SFRP4"
"2244","SFXN5"
"2245","SGCD"
"2246","SGCZ"
"2247","SGIP1"
"2248","SGK1"
"2249","SGK3"
"2250","SGSM1"
"2251","SGSM3"
"2252","SH2D3C"
"2253","SH2D4A"
"2254","SH3BGRL2"
"2255","SH3BP5L"
"2256","SH3GL2"
"2257","SH3PXD2B"
"2258","SH3RF1"
"2259","SHC2"
"2260","SHC3"
"2261","SHROOM2"
"2262","SHROOM3"
"2263","SHROOM4"
"2264","SHTN1"
"2265","SIDT1"
"2266","SIK3"
"2267","SIKE1"
"2268","SIM2"
"2269","SIPA1L1"
"2270","SIPA1L2"
"2271","SLC14A1"
"2272","SLC16A12"
"2273","SLC16A9"
"2274","SLC17A5"
"2275","SLC19A2"
"2276","SLC19A3"
"2277","SLC1A2"
"2278","SLC1A4"
"2279","SLC22A15"
"2280","SLC22A23"
"2281","SLC24A2"
"2282","SLC24A3"
"2283","SLC24A4"
"2284","SLC25A11"
"2285","SLC25A17"
"2286","SLC25A18"
"2287","SLC25A20"
"2288","SLC25A23"
"2289","SLC25A3"
"2290","SLC25A33"
"2291","SLC25A37"
"2292","SLC25A48"
"2293","SLC26A11"
"2294","SLC26A2"
"2295","SLC26A5"
"2296","SLC26A7"
"2297","SLC26A8"
"2298","SLC27A1"
"2299","SLC28A3"
"2300","SLC29A3"
"2301","SLC30A10"
"2302","SLC35A3"
"2303","SLC35F1"
"2304","SLC37A1"
"2305","SLC38A1"
"2306","SLC38A2"
"2307","SLC39A12"
"2308","SLC39A14"
"2309","SLC39A9"
"2310","SLC44A1"
"2311","SLC44A3"
"2312","SLC44A5"
"2313","SLC46A1"
"2314","SLC47A2"
"2315","SLC4A4"
"2316","SLC6A1"
"2317","SLC6A11"
"2318","SLC7A11"
"2319","SLC7A2"
"2320","SLC7A5"
"2321","SLC8A1"
"2322","SLC8A3"
"2323","SLC8B1"
"2324","SLC9A7"
"2325","SLC9A9"
"2326","SLCO1C1"
"2327","SLCO3A1"
"2328","SLCO4A1"
"2329","SLF1"
"2330","SLIT3"
"2331","SLITRK2"
"2332","SMAD9"
"2333","SMARCA2"
"2334","SMARCC1"
"2335","SMG1"
"2336","SMIM19"
"2337","SMNDC1"
"2338","SMO"
"2339","SMOC1"
"2340","SMOX"
"2341","SMS"
"2342","SMURF2"
"2343","SNAP23"
"2344","SNAP47"
"2345","SNAPC3"
"2346","SNAPIN"
"2347","SNCA"
"2348","SNCAIP"
"2349","SNCG"
"2350","SND1-IT1"
"2351","SNHG14"
"2352","SNRPE"
"2353","SNTA1"
"2354","SNTG1"
"2355","SNX14"
"2356","SNX25"
"2357","SNX29"
"2358","SNX31"
"2359","SOBP"
"2360","SOCS2"
"2361","SOD2"
"2362","SORBS1"
"2363","SORBS2"
"2364","SORBS3"
"2365","SORCS2"
"2366","SORCS3"
"2367","SORL1"
"2368","SORT1"
"2369","SOWAHA"
"2370","SOX2"
"2371","SOX4"
"2372","SOX5"
"2373","SOX6"
"2374","SOX9"
"2375","SOX9-AS1"
"2376","SPAG1"
"2377","SPARC"
"2378","SPARCL1"
"2379","SPATS2L"
"2380","SPCS3"
"2381","SPEG"
"2382","SPEN"
"2383","SPESP1"
"2384","SPG20"
"2385","SPG20OS"
"2386","SPI1"
"2387","SPINK8"
"2388","SPINT2"
"2389","SPOCD1"
"2390","SPOCK1"
"2391","SPOCK2"
"2392","SPOCK3"
"2393","SPON1"
"2394","SPOP"
"2395","SPRED1"
"2396","SPRED2"
"2397","SPSB1"
"2398","SPSB4"
"2399","SPTAN1"
"2400","SPTBN1"
"2401","SQLE"
"2402","SREBF2"
"2403","SREK1"
"2404","SREK1IP1"
"2405","SRGAP1"
"2406","SRGAP2C"
"2407","SRL"
"2408","SRRT"
"2409","SRSF3"
"2410","SRSF5"
"2411","SSR3"
"2412","SSR4"
"2413","SSTR2"
"2414","ST14"
"2415","ST18"
"2416","ST3GAL1"
"2417","ST6GAL1"
"2418","ST6GAL2"
"2419","ST6GALNAC3"
"2420","ST8SIA1"
"2421","STAG3L5P"
"2422","STAMBPL1"
"2423","STARD3"
"2424","STAT2"
"2425","STAT3"
"2426","STAT6"
"2427","STIM2"
"2428","STK17B"
"2429","STK32A"
"2430","STK38L"
"2431","STOM"
"2432","STON2"
"2433","STOX1"
"2434","STOX2"
"2435","STPG1"
"2436","STPG2"
"2437","STX16"
"2438","STX18"
"2439","STXBP3"
"2440","STXBP5L"
"2441","STYXL1"
"2442","SUCLG1"
"2443","SUN1"
"2444","SUN2"
"2445","SUSD1"
"2446","SUSD6"
"2447","SUZ12"
"2448","SV2B"
"2449","SWT1"
"2450","SYCE2"
"2451","SYCP2L"
"2452","SYDE2"
"2453","SYNC"
"2454","SYNDIG1"
"2455","SYNE1"
"2456","SYNJ2"
"2457","SYNM"
"2458","SYNPO2"
"2459","SYT10"
"2460","SYT14"
"2461","SYT4"
"2462","SYTL4"
"2463","TAB1"
"2464","TAB2"
"2465","TAF4B"
"2466","TANC2"
"2467","TAOK3"
"2468","TBC1D1"
"2469","TBC1D10A"
"2470","TBC1D17"
"2471","TBC1D4"
"2472","TBC1D5"
"2473","TBCA"
"2474","TBCCD1"
"2475","TBL1XR1"
"2476","TBX19"
"2477","TCEAL1"
"2478","TCEANC2"
"2479","TCF12"
"2480","TCF3"
"2481","TCF4"
"2482","TCFL5"
"2483","TCN2"
"2484","TCP11L2"
"2485","TCTN2"
"2486","TDRD3"
"2487","TEAD4"
"2488","TECTA"
"2489","TEK"
"2490","TEKT5"
"2491","TENM2"
"2492","TENM3"
"2493","TET1"
"2494","TEX14"
"2495","TEX9"
"2496","TF"
"2497","TFCP2L1"
"2498","TFRC"
"2499","TGFBR3"
"2500","TGIF2-C20orf24"
"2501","TGOLN2"
"2502","THADA"
"2503","THAP6"
"2504","THRA"
"2505","THSD1"
"2506","THSD7A"
"2507","TIAM1"
"2508","TICAM1"
"2509","TIMM21"
"2510","TIMP3"
"2511","TKT"
"2512","TLE1"
"2513","TLE2"
"2514","TLE3"
"2515","TLE4"
"2516","TLK1"
"2517","TLN2"
"2518","TLR4"
"2519","TM7SF2"
"2520","TMBIM1"
"2521","TMBIM6"
"2522","TMC1"
"2523","TMC2"
"2524","TMCC2"
"2525","TMCO6"
"2526","TMEM108"
"2527","TMEM123"
"2528","TMEM132B"
"2529","TMEM132D"
"2530","TMEM144"
"2531","TMEM150C"
"2532","TMEM164"
"2533","TMEM170A"
"2534","TMEM176B"
"2535","TMEM183A"
"2536","TMEM184C"
"2537","TMEM198B"
"2538","TMEM200A"
"2539","TMEM200C"
"2540","TMEM209"
"2541","TMEM213"
"2542","TMEM219"
"2543","TMEM229A"
"2544","TMEM232"
"2545","TMEM254-AS1"
"2546","TMEM258"
"2547","TMEM44"
"2548","TMEM55B"
"2549","TMEM8B"
"2550","TMEM9B"
"2551","TMEM9B-AS1"
"2552","TMF1"
"2553","TMPO"
"2554","TMPRSS11A"
"2555","TMPRSS5"
"2556","TMTC1"
"2557","TMTC2"
"2558","TNC"
"2559","TNFAIP2"
"2560","TNFRSF19"
"2561","TNFRSF1A"
"2562","TNFSF4"
"2563","TNIK"
"2564","TNRC6A"
"2565","TNS1"
"2566","TOB2"
"2567","TOGARAM2"
"2568","TOM1"
"2569","TOMM20"
"2570","TOX3"
"2571","TP53BP1"
"2572","TP53BP2"
"2573","TPCN1"
"2574","TPCN2"
"2575","TPD52L1"
"2576","TPM1"
"2577","TPM4"
"2578","TPPP3"
"2579","TPST1"
"2580","TRA2A"
"2581","TRA2B"
"2582","TRAK1"
"2583","TRAM1L1"
"2584","TRAPPC11"
"2585","TRDMT1"
"2586","TRDN"
"2587","TRIB1"
"2588","TRIB2"
"2589","TRIM16L"
"2590","TRIM2"
"2591","TRIM33"
"2592","TRIM58"
"2593","TRIM66"
"2594","TRIM9"
"2595","TRMT10C"
"2596","TRNAU1AP"
"2597","TRPC1"
"2598","TRPM3"
"2599","TRPS1"
"2600","TRPV3"
"2601","TSHZ2"
"2602","TSNARE1"
"2603","TSNAXIP1"
"2604","TSPAN12"
"2605","TSPAN18"
"2606","TSPAN5"
"2607","TSPAN7"
"2608","TSPYL2"
"2609","TSPYL4"
"2610","TSTD2"
"2611","TTC12"
"2612","TTC21A"
"2613","TTC28"
"2614","TTC32"
"2615","TTC6"
"2616","TTC7A"
"2617","TTC8"
"2618","TTLL7"
"2619","TTN"
"2620","TTPA"
"2621","TTYH3"
"2622","TUBA1A"
"2623","TUBA1C"
"2624","TUBB2B"
"2625","TUBGCP4"
"2626","TUBGCP6"
"2627","TUG1"
"2628","TXN"
"2629","TXNIP"
"2630","TXNRD1"
"2631","TYRO3"
"2632","UBA2"
"2633","UBAP2"
"2634","UBAP2L"
"2635","UBC"
"2636","UBE2D1"
"2637","UBE2E3"
"2638","UBE2J2"
"2639","UBE2R2"
"2640","UBE3D"
"2641","UBR1"
"2642","UCHL5"
"2643","UCK1"
"2644","UGP2"
"2645","ULK2"
"2646","UMPS"
"2647","UNC13B"
"2648","UNC5C"
"2649","UNC5D"
"2650","UPF1"
"2651","UPP2"
"2652","UQCRQ"
"2653","USH1C"
"2654","USP13"
"2655","USP2"
"2656","USP21"
"2657","USP24"
"2658","USP53"
"2659","USP54"
"2660","USP9Y"
"2661","UST"
"2662","UTRN"
"2663","UTY"
"2664","UXS1"
"2665","VAC14"
"2666","VAMP1"
"2667","VAT1"
"2668","VAV3"
"2669","VEGFA"
"2670","VIM"
"2671","VIT"
"2672","VN1R1"
"2673","VN2R19P"
"2674","VPS37A"
"2675","VRK2"
"2676","VWA3B"
"2677","VWA8"
"2678","VWCE"
"2679","WAC"
"2680","WASF3"
"2681","WBP2NL"
"2682","WDFY2"
"2683","WDFY4"
"2684","WDR1"
"2685","WDR11"
"2686","WDR27"
"2687","WDR31"
"2688","WDR48"
"2689","WDR49"
"2690","WDR6"
"2691","WDR60"
"2692","WDR62"
"2693","WDR66"
"2694","WHAMM"
"2695","WIF1"
"2696","WIPF2"
"2697","WIZ"
"2698","WLS"
"2699","WNK2"
"2700","WNT10B"
"2701","WNT7B"
"2702","WSB2"
"2703","WSCD1"
"2704","WWC1"
"2705","WWC3"
"2706","WWOX"
"2707","WWTR1"
"2708","XPC"
"2709","XXbac-BPG55C20.7"
"2710","XYLB"
"2711","YBX3"
"2712","YKT6"
"2713","YOD1"
"2714","YPEL1"
"2715","YPEL2"
"2716","YPEL5"
"2717","YTHDC2"
"2718","YWHAZ"
"2719","Z97634.3"
"2720","ZBBX"
"2721","ZBTB16"
"2722","ZBTB20"
"2723","ZBTB25"
"2724","ZBTB39"
"2725","ZBTB46"
"2726","ZBTB47"
"2727","ZBTB49"
"2728","ZBTB7C"
"2729","ZDHHC14"
"2730","ZDHHC24"
"2731","ZDHHC5"
"2732","ZEB1"
"2733","ZFAND1"
"2734","ZFAND5"
"2735","ZFHX2"
"2736","ZFHX3"
"2737","ZFHX4"
"2738","ZFP36"
"2739","ZFP36L1"
"2740","ZFPM2"
"2741","ZFYVE1"
"2742","ZFYVE16"
"2743","ZHX3"
"2744","ZIM2"
"2745","ZKSCAN2"
"2746","ZMYM2"
"2747","ZMYND8"
"2748","ZNF16"
"2749","ZNF174"
"2750","ZNF217"
"2751","ZNF273"
"2752","ZNF292"
"2753","ZNF397"
"2754","ZNF410"
"2755","ZNF426"
"2756","ZNF429"
"2757","ZNF462"
"2758","ZNF473"
"2759","ZNF483"
"2760","ZNF526"
"2761","ZNF547"
"2762","ZNF551"
"2763","ZNF558"
"2764","ZNF579"
"2765","ZNF587"
"2766","ZNF592"
"2767","ZNF613"
"2768","ZNF671"
"2769","ZNF691"
"2770","ZNF706"
"2771","ZNF708"
"2772","ZNF774"
"2773","ZNF777"
"2774","ZNF783"
"2775","ZNF804B"
"2776","ZNF843"
"2777","ZNF98"
"2778","ZNRF2"
"2779","ZNRF3"
"2780","ZPBP"
"2781","ZRANB2"
"2782","ZRANB3"
"2783","ZRSR2"
"2784","ZSCAN31"
"2785","ZSWIM6"
"2786","ZSWIM7"
"2787","ZWILCH"
"2788","AC007325.2"
"2789","AC008277.1"
"2790","AC144835.1"
"2791","AE000661.37"
"2792","AP003039.3"
"2793","BPIFB1"
"2794","C10orf128"
"2795","C3P1"
"2796","CETP"
"2797","CLDN18"
"2798","CTC-458G6.4"
"2799","EBF3"
"2800","GALNTL5"
"2801","GPR171"
"2802","GTSCR1"
"2803","IL1B"
"2804","IP6K3"
"2805","LRRC31"
"2806","LTF"
"2807","NLRP4"
"2808","NPY6R"
"2809","OLAH"
"2810","OR7E12P"
"2811","PRR34"
"2812","PTPN7"
"2813","RP11-10O17.1"
"2814","RP11-116N8.4"
"2815","RP11-12L8.1"
"2816","RP11-1348G14.4"
"2817","RP11-153M7.3"
"2818","RP11-203M5.7"
"2819","RP11-210M15.1"
"2820","RP11-281A20.1"
"2821","RP11-281A20.2"
"2822","RP11-310A13.1"
"2823","RP11-397P14.3"
"2824","RP11-408E5.5"
"2825","RP11-430C17.1"
"2826","RP11-430C7.5"
"2827","RP11-472K17.1"
"2828","RP11-477J21.7"
"2829","RP11-489D6.2"
"2830","RP11-490D19.6"
"2831","RP11-52L11.1"
"2832","RP11-589M4.3"
"2833","RP11-6N17.10"
"2834","RP11-80I3.1"
"2835","RP11-90L20.2"
"2836","RP11-93B10.3"
"2837","RP4-569M23.2"
"2838","RP4-580N22.2"
"2839","RP5-1024N4.2"
"2840","RUSC1-AS1"
"2841","SRPX2"
"2842","TRIM61"
"2843","XIST"
"2844","AC005077.7"
"2845","AC018462.2"
"2846","AC023481.1"
"2847","C16orf91"
"2848","C9orf40"
"2849","CARD6"
"2850","CEBPB"
"2851","CTD-2525I3.6"
"2852","CXCR4"
"2853","EHD2"
"2854","GALK1"
"2855","GNB3"
"2856","IL18R1"
"2857","IL20RA"
"2858","JPH2"
"2859","LDHC"
"2860","MRPL2"
"2861","NT5C1A"
"2862","PCDHB4"
"2863","RGPD4"
"2864","RNU1-30P"
"2865","RNU6-1016P"
"2866","RP1-153G14.4"
"2867","RP11-174O3.3"
"2868","RP11-21J7.1"
"2869","RP11-331G2.8"
"2870","RP11-346I3.4"
"2871","RP11-388G22.1"
"2872","RP11-411H5.1"
"2873","RP11-522B15.3"
"2874","RP11-697E2.13"
"2875","RP4-761J14.8"
"2876","SLC13A5"
"2877","SLC25A35"
"2878","SPAAR"
"2879","STX11"
"2880","TMEM74B"
"2881","UCHL3"
"2882","ZNF366"
"2883","ZNF784"
"2884","AC078942.1"
"2885","LL22NC03-2H8.4"
"2886","RP11-157L3.12"
"2887","RP11-556O5.7"
"2888","RP11-680C21.1"
"2889","RP3-368A4.2"
"2890","SPATA3"
"2891","AC004051.2"
"2892","RP11-63P12.6"
"2893","RP11-266L9.6"
"2894","RP11-359M6.3"
"2895","RP1-68D18.3"
"2896","RP11-343H19.2"
"2897","RP11-49K24.8"
"2898","RP6-159A1.4"
"2899","AC012507.3"
"2900","AC015922.5"
"2901","AC046143.3"
"2902","ANXA3"
"2903","C10orf25"
"2904","C9orf43"
"2905","CARM1L"
"2906","CTD-2514K5.2"
"2907","CTD-2561J22.4"
"2908","FZD8"
"2909","GLI4"
"2910","H2AFJ"
"2911","HIC1"
"2912","KCND1"
"2913","LEMD1"
"2914","LRRN4"
"2915","NBPF10"
"2916","PDE11A"
"2917","PHB"
"2918","PTGIS"
"2919","RIIAD1"
"2920","RP11-124G5.3"
"2921","RP11-1348G14.5"
"2922","RP11-153M3.1"
"2923","RP11-303E16.10"
"2924","RP11-322C8.2"
"2925","RP11-345M22.1"
"2926","RP5-857K21.10"
"2927","S100A10"
"2928","SSC5D"
"2929","TTR"
"2930","UQCRHL"
"2931","AC099684.1"
"2932","CTA-246H3.8"
"2933","RP11-397O4.1"
"2934","RP11-3D4.4"
"2935","CYP4F24P"
"2936","RP11-163M18.1"
"2937","GRHL3"
"2938","RP5-1049N15.2"
"2939","SERPINA3"
"2940","AC097468.7"
"2941","C2orf74"
"2942","CHRNA4"
"2943","CTA-363E6.2"
"2944","CTB-1I21.1"
"2945","CTD-2583A14.11"
"2946","EMP3"
"2947","ENHO"
"2948","FBXW9"
"2949","KCP"
"2950","NPW"
"2951","PCDHA3"
"2952","RP1-148H17.1"
"2953","RP11-10O22.2"
"2954","RP11-124L9.2"
"2955","RP11-347H15.5"
"2956","RP11-561C5.5"
"2957","RP11-588K22.2"
"2958","RP11-753C18.12"
"2959","RP4-794H19.1"
"2960","STON1-GTF2A1L"
"2961","TMPPE"
"2962","WFDC10B"
"2963","ZWINT"
"2964","ADAMTSL5"
"2965","RP11-485F13.1"
"2966","AC078842.4"
"2967","ODF3L2"
"2968","A4GALT"
"2969","AC002365.4"
"2970","AC002451.3"
"2971","AC002480.5"
"2972","AC003005.2"
"2973","AC004603.4"
"2974","AC005618.6"
"2975","AC005682.6"
"2976","AC006115.7"
"2977","AC006160.5"
"2978","AC062017.1"
"2979","AC063976.4"
"2980","AC079776.3"
"2981","AC090018.3"
"2982","AC098614.2"
"2983","AC140912.1"
"2984","ACY1"
"2985","AKR1C2"
"2986","ALOX12P1"
"2987","ANAPC15"
"2988","AP000356.8"
"2989","AP000640.2"
"2990","APOH"
"2991","BANF1"
"2992","BHMT2"
"2993","C14orf80"
"2994","C20orf197"
"2995","C6orf195"
"2996","C6orf3"
"2997","CALHM2"
"2998","CCDC17"
"2999","CCDC190"
"3000","CH17-296N19.1"
"3001","CNTD1"
"3002","COL1A1"
"3003","COPZ2"
"3004","CPT1B"
"3005","CR1L"
"3006","CRYBB2"
"3007","CRYBB3"
"3008","CTA-113A6.2"
"3009","CTB-129P6.11"
"3010","CTC-265F19.2"
"3011","CTD-2006H14.2"
"3012","CTD-2012K14.5"
"3013","CTD-2047H16.2"
"3014","CTD-2192A1.1"
"3015","CTD-2197O4.1"
"3016","CTD-2246P4.1"
"3017","CTD-2281M20.1"
"3018","CTD-3046C4.1"
"3019","CTD-3074O7.11"
"3020","CYP1B1"
"3021","DCLRE1B"
"3022","DDIT4L"
"3023","DMKN"
"3024","DMRTA2"
"3025","ECE2"
"3026","ERICH5"
"3027","ERVMER34-1"
"3028","GDF10"
"3029","GHRHR"
"3030","HOGA1"
"3031","ID1"
"3032","KLC3"
"3033","LINC00493"
"3034","LMOD3"
"3035","LRTOMT"
"3036","LYG2"
"3037","MEPCE"
"3038","MGP"
"3039","NPIPB4"
"3040","NPY2R"
"3041","NSUN5P2"
"3042","NTN5"
"3043","NUDT14"
"3044","OR2M4"
"3045","PACSIN3"
"3046","PIFO"
"3047","PKD2L1"
"3048","PLK4"
"3049","PMF1-BGLAP"
"3050","PRKXP1"
"3051","RN7SL220P"
"3052","RNF43"
"3053","RP1-158P9.2"
"3054","RP1-65P5.6"
"3055","RP11-106M3.2"
"3056","RP11-1110F20.1"
"3057","RP11-114F10.2"
"3058","RP11-120J1.1"
"3059","RP11-124N14.4"
"3060","RP11-129K20.2"
"3061","RP11-13K12.5"
"3062","RP11-152K4.2"
"3063","RP11-161D15.3"
"3064","RP11-18C24.6"
"3065","RP11-190A12.10"
"3066","RP11-1H15.2"
"3067","RP11-226E21.2"
"3068","RP11-252K23.1"
"3069","RP11-258F22.1"
"3070","RP11-274H2.3"
"3071","RP11-293M10.6"
"3072","RP11-296O14.2"
"3073","RP11-31I22.2"
"3074","RP11-355O1.11"
"3075","RP11-356J5.5"
"3076","RP11-359E10.1"
"3077","RP11-359P5.1"
"3078","RP11-39M21.1"
"3079","RP11-431M3.1"
"3080","RP11-446E24.4"
"3081","RP11-447L10.1"
"3082","RP11-458F8.2"
"3083","RP11-45A17.2"
"3084","RP11-45M22.2"
"3085","RP11-461C13.1"
"3086","RP11-463J7.2"
"3087","RP11-467J12.4"
"3088","RP11-476H16.1"
"3089","RP11-478C1.7"
"3090","RP11-481J13.1"
"3091","RP11-490O6.2"
"3092","RP11-519G16.3"
"3093","RP11-556H2.1"
"3094","RP11-560I19.1"
"3095","RP11-569G13.2"
"3096","RP11-56F10.3"
"3097","RP11-57J16.1"
"3098","RP11-600F24.7"
"3099","RP11-635L1.2"
"3100","RP11-636O21.1"
"3101","RP11-637A17.2"
"3102","RP11-671J11.2"
"3103","RP11-686D16.1"
"3104","RP11-711G10.1"
"3105","RP11-736E3.1"
"3106","RP11-802O23.3"
"3107","RP11-807H17.1"
"3108","RP11-871F6.3"
"3109","RP11-87M18.2"
"3110","RP4-536B24.3"
"3111","RP4-543J19.8"
"3112","RP4-655J12.4"
"3113","RP5-1069C8.2"
"3114","RP5-832C2.5"
"3115","SEC14L4"
"3116","SERPINH1"
"3117","SHB"
"3118","SLC15A3"
"3119","SLC16A13"
"3120","SMIM5"
"3121","SOX21"
"3122","TJP2"
"3123","TMIE"
"3124","TNFRSF9"
"3125","TNFSF12"
"3126","TRIM47"
"3127","UBL4A"
"3128","VMAC"
"3129","ZIC5"
"3130","AC073321.3"
"3131","ASB17"
"3132","CTC-465D4.1"
"3133","RP11-14I17.1"
"3134","RP11-304F15.6"
"3135","RP11-340B18.1"
"3136","RP11-504P24.5"
"3137","RP11-533K9.3"
"3138","RP11-846C15.2"
"3139","STC2"
"3140","ZNF728"
"3141","EHF"
"3142","MFAP5"
"3143","REEP4"
"3144","RP11-1124B17.1"
"3145","RP11-219E7.4"
"3146","SLFN13"
"3147","AC019118.4"
"3148","PRDM7"
"3149","PSG7"
"3150","RP1-85F18.5"
"3151","RP11-2N5.1"
"3152","RP11-306O1.1"
"3153","RP11-642A1.1"
"3154","RP4-569M23.5"
"3155","RP4-760C5.3"
"3156","RP5-899B16.1"
"3157","SYT15"
"3158","TAC4"
"3159","AC097374.2"
"3160","RN7SL297P"
"3161","RP11-83B20.3"
"3162","RP4-604K5.3"
"3163","TGM7"
"3164","RP11-712B9.5"
"3165","ZIC4"
"3166","CTD-2035E11.5"
"3167","FXYD3"
"3168","LINC00092"
"3169","LSP1"
"3170","RN7SL359P"
"3171","RP11-112L6.4"
"3172","RP11-24J23.2"
"3173","RP11-806O11.1"
"3174","TMEM176A"
"3175","CD300LG"
"3176","CYP4F12"
"3177","RBP5"
"3178","AP000770.1"
"3179","CHI3L2"
"3180","RP1-155D22.2"
"3181","RP1-68D18.2"
"3182","RP11-236B18.2"
"3183","RP11-33I11.2"
"3184","RP11-497H16.5"
"3185","XXbac-B444P24.10"
"3186","KCNG4"
"3187","OR6J1"
"3188","RP5-834N19.1"
"3189","TMEM88B"
"3190","AC079880.1"
"3191","C9orf152"
"3192","CCL2"
"3193","CTD-3128G10.7"
"3194","AC109826.1"
"3195","NAT1"
"3196","RP11-388C12.5"
"3197","SLC22A16"
"3198","CENPC2"
"3199","RP4-539M6.21"
"3200","RP11-216M21.1"
"3201","RP11-554E23.4"
"3202","RP4-677H15.4"
"3203","RP11-58K22.4"
"3204","CH17-118O6.3"
"3205","TUBB1"
"3206","AC005013.5"
"3207","AC011747.4"
"3208","AC016909.1"
"3209","AC083949.1"
"3210","AC092168.2"
"3211","AC105760.3"
"3212","AC114877.3"
"3213","APOL3"
"3214","ARHGAP36"
"3215","ARHGAP8"
"3216","C15orf39"
"3217","CACNA1S"
"3218","CCDC102A"
"3219","CD101"
"3220","CDKN2C"
"3221","CKS2"
"3222","CLEC1A"
"3223","CPXM1"
"3224","CTC-523E23.3"
"3225","DIRAS3"
"3226","ENO3"
"3227","FBXO40"
"3228","FMO2"
"3229","FMR1-AS1"
"3230","FRMPD1"
"3231","GATSL3"
"3232","GBX1"
"3233","GDPD2"
"3234","GMNC"
"3235","GRPR"
"3236","GS1-39E22.2"
"3237","GSTM1"
"3238","HAPLN3"
"3239","IL12A"
"3240","KCNE5"
"3241","KCNJ16"
"3242","KCNJ8"
"3243","KLHL17"
"3244","KLRC1"
"3245","LINC00654"
"3246","LOXL1"
"3247","MAFG-AS1"
"3248","MAPK7"
"3249","MMP15"
"3250","NODAL"
"3251","NOG"
"3252","NT5DC2"
"3253","NUDT18"
"3254","OCEL1"
"3255","PAQR4"
"3256","PCDHB6"
"3257","PCDHGB1"
"3258","PIRT"
"3259","PNPLA5"
"3260","PPP1R3G"
"3261","RASD2"
"3262","RBM46"
"3263","RCOR2"
"3264","RDH10"
"3265","RNU6-1111P"
"3266","RP1-137K24.1"
"3267","RP1-45P21.3"
"3268","RP11-1109F11.3"
"3269","RP11-110H10.2"
"3270","RP11-119F7.5"
"3271","RP11-121L11.1"
"3272","RP11-124N2.3"
"3273","RP11-140H17.2"
"3274","RP11-147L13.8"
"3275","RP11-158I13.2"
"3276","RP11-15A1.3"
"3277","RP11-16P6.1"
"3278","RP11-173C20.1"
"3279","RP11-196P2.1"
"3280","RP11-21N3.1"
"3281","RP11-263A24.1"
"3282","RP11-266K4.11"
"3283","RP11-266L9.1"
"3284","RP11-288I21.1"
"3285","RP11-291L15.2"
"3286","RP11-384O8.1"
"3287","RP11-3P17.4"
"3288","RP11-403A21.1"
"3289","RP11-407A16.3"
"3290","RP11-415I12.5"
"3291","RP11-435F13.2"
"3292","RP11-488L18.10"
"3293","RP11-499E18.1"
"3294","RP11-521I2.3"
"3295","RP11-548K23.11"
"3296","RP11-550P17.5"
"3297","RP11-563J2.3"
"3298","RP11-573G6.4"
"3299","RP11-586D19.2"
"3300","RP11-624A4.1"
"3301","RP11-698N11.2"
"3302","RP11-722P11.8"
"3303","RP11-750B16.1"
"3304","RP11-798K3.4"
"3305","RP11-8P11.3"
"3306","RP11-93K22.6"
"3307","RP11-95C14.1"
"3308","RP11-96C23.9"
"3309","RP13-152O15.2"
"3310","RP4-621F18.2"
"3311","RP5-1125A11.1"
"3312","RXFP2"
"3313","SLC43A3"
"3314","SLFN12"
"3315","SPAG4"
"3316","SYDE1"
"3317","TAGAP"
"3318","TCAP"
"3319","TLCD1"
"3320","TOR2A"
"3321","TSKU"
"3322","TTC30B"
"3323","VCAM1"
"3324","VPS37D"
"3325","Z69666.2"
"3326","ZFP92"
"3327","ZNF468"
"3328","ZNF560"
"3329","ZNF703"
"3330","yR211F11.2"
"3331","CTD-2337I7.1"
"3332","NEPNP"
"3333","RP13-565O16.2"
"3334","BCL3"
"3335","F11"
"3336","FBXO39"
"3337","KCNJ15"
"3338","RP11-175P19.1"
"3339","RP11-343J18.2"
"3340","ZNF503-AS2"
"3341","ANGPTL3"
"3342","BEND2"
"3343","C11orf42"
"3344","CTA-243E7.3"
"3345","CTC-559E9.8"
"3346","GPRC6A"
"3347","KB-1958F4.1"
"3348","MFRP"
"3349","MTRNR2L1"
"3350","PLA2G12B"
"3351","PSAPL1"
"3352","RP1-167O22.1"
"3353","RP11-274B21.11"
"3354","RP11-316M21.10"
"3355","RP11-436P7.1"
"3356","RP11-48F14.1"
"3357","RP11-561I11.3"
"3358","RP11-573D15.1"
"3359","RP11-6E9.4"
"3360","RP11-701H24.10"
"3361","RP11-843P14.1"
"3362","RP13-60M5.2"
"3363","RP3-509L4.3"
"3364","RP5-1119A7.14"
"3365","RP5-826L7.1"
"3366","RP5-857K21.6"
"3367","ADH6"
"3368","CTD-2026K11.6"
"3369","SLC9B1P2"
"3370","AC004741.3"
"3371","AC009313.1"
"3372","AC019099.1"
"3373","IFITM2"
"3374","RP1-111D6.3"
"3375","RP11-545J16.1"
"3376","AC002539.1"
"3377","AC073987.1"
"3378","AC083843.4"
"3379","C11orf85"
"3380","C19orf40"
"3381","C1orf127"
"3382","C1orf189"
"3383","COL6A5"
"3384","CTC-338M12.5"
"3385","CTC-497E21.3"
"3386","CTD-2043I16.1"
"3387","CTD-2302E22.4"
"3388","EPHA2"
"3389","FSBP"
"3390","GULOP"
"3391","IMPA1P"
"3392","LCN12"
"3393","MSTN"
"3394","MYD88"
"3395","NDUFS3"
"3396","ORAI3"
"3397","RDH5"
"3398","RN7SL559P"
"3399","RNU6-177P"
"3400","RNY1P16"
"3401","RP11-1012A1.4"
"3402","RP11-108A14.1"
"3403","RP11-170N16.2"
"3404","RP11-268P4.4"
"3405","RP11-278H7.4"
"3406","RP11-312B8.1"
"3407","RP11-32D16.1"
"3408","RP11-429O1.1"
"3409","RP11-474P2.5"
"3410","RP11-475E11.9"
"3411","RP11-538P18.2"
"3412","RP11-554D20.2"
"3413","RP11-603J24.9"
"3414","RP11-82L7.4"
"3415","RP11-900F13.3"
"3416","RP3-333H23.9"
"3417","RP4-724E16.2"
"3418","RP5-940J5.10"
"3419","SDSL"
"3420","TCP11"
"3421","TFAP2C"
"3422","AC024704.2"
"3423","DMRTA1"
"3424","GABRR1"
"3425","GLOD5"
"3426","RP11-211A18.2"
"3427","AC004617.1"
"3428","RP11-162A12.3"
"3429","RP11-20B24.7"
"3430","ELOA2"
"3431","LINC00344"
"3432","AC009506.1"
"3433","DNMT3L"
"3434","RP11-577N1.1"
"3435","PRG4"
"3436","RP11-401P9.6"
"3437","RP11-173C20.2"
"3438","RP11-39M21.2"
"3439","CTC-239J10.1"
"3440","KB-1639H6.4"
"3441","RP11-139K4.2"
"3442","TLX1NB"
"3443","CCDC27"
"3444","IL22RA1"
"3445","RP11-162G10.5"
"3446","RN7SL726P"
"3447","RP11-482D24.3"
"3448","RP11-567G24.1"
"3449","RP11-182J1.9"
"3450","CTB-50L17.14"
"3451","RP11-766H1.1"
"3452","CTB-167B5.1"
"3453","CXCL2"
"3454","AC023356.3"
"3455","CTD-2154I11.2"
"3456","RP11-124L9.1"
"3457","RP11-165F24.3"
"3458","RP11-319I23.2"
"3459","RP11-85G18.6"
"3460","SLC25A21-AS1"
"3461","SYTL1"
"3462","TMEM110-MUSTN1"
"3463","TMEM179B"
"3464","AC006039.4"
"3465","RP11-151A6.4"
"3466","RP11-159F24.5"
"3467","AC016735.2"
"3468","CTD-2561B21.5"
"3469","CTD-2227C6.1"
"3470","SF3A3P2"
"3471","RP11-218I7.2"
"3472","RP3-510O8.4"
"3473","AC023797.1"
"3474","APOL4"
"3475","FRMPD2L2"
"3476","HMSD"
"3477","RP11-10I6.2"
"3478","RP11-280K24.4"
"3479","RP11-284F21.9"
"3480","RP11-326A13.1"
"3481","RP11-426C22.5"
"3482","RRAD"
"3483","SERTAD3"
"3484","RP11-399E6.1"
"3485","RP11-6L6.2"
"3486","CBSL"
"3487","RP11-154D6.2"
"3488","RP11-64B16.2"
"3489","RP5-1054A22.4"
"3490","RP5-1056L3.1"
"3491","RP11-718B12.2"
"3492","CTA-109P11.1"
"3493","CTD-2081K17.1"
"3494","POM121L9P"
"3495","RP11-142A22.4"
"3496","RP11-249C24.10"
"3497","RP11-24F11.5"
"3498","RP11-326C3.11"
"3499","AC108449.2"
"3500","ADIRF-AS1"
"3501","B9D2"
"3502","CTD-2151A2.1"
"3503","HELZ2"
"3504","RAB3IL1"
"3505","RN7SL452P"
"3506","RP11-1275H24.1"
"3507","RP11-214K3.21"
"3508","RP11-216F19.1"
"3509","RP11-228B15.4"
"3510","RP11-26J3.3"
"3511","RP11-275H4.1"
"3512","RP11-318G8.2"
"3513","RP11-326L24.9"
"3514","RP11-549K20.1"
"3515","RP11-659G9.3"
"3516","RP11-963H4.8"
"3517","RP4-550H1.4"
"3518","RP5-890E16.2"
"3519","ZNF295-AS1"
"3520","RP11-20I23.2"
"3521","CTD-2571E19.1"
"3522","ENDOU"
"3523","RP11-487E13.1"
"3524","TTLL8"
"3525","CTD-3252C9.4"
"3526","RP11-422P24.11"
"3527","RP11-887P2.6"
"3528","ACY3"
"3529","CTB-25B13.12"
"3530","RP11-961A15.1"
"3531","AC010226.4"
"3532","AC010642.1"
"3533","AF127936.3"
"3534","B3GNT6"
"3535","CTA-293F17.1"
"3536","CTD-2201I18.1"
"3537","GBGT1"
"3538","NMRK2"
"3539","NXPH3"
"3540","RP1-187B23.1"
"3541","RP11-104F15.9"
"3542","RP11-162G10.4"
"3543","RP11-326A13.2"
"3544","RP11-327E2.5"
"3545","RP11-328M4.2"
"3546","RP11-379B18.4"
"3547","RP11-699L21.1"
"3548","RP11-88B8.2"
"3549","RSG1"
"3550","SNAI2"
"3551","UROC1"
"3552","AURKC"
"3553","RP1-40E16.12"
"3554","AC012363.12"
"3555","CTA-243E7.2"
"3556","RP11-16P20.4"
"3557","SLC4A11"
"3558","RP11-182I10.4"
"3559","RP11-390F4.10"
"3560","AC003084.2"
"3561","AC024084.1"
"3562","AC073934.6"
"3563","CTD-3224K15.2"
"3564","PSMB10"
"3565","RP11-284F21.7"
"3566","RP11-346C20.4"
"3567","RP11-459I19.1"
"3568","RP13-476E20.1"
"3569","ZC3H12A"
"3570","FAM86B1"
"3571","KB-431C1.5"
"3572","RP11-349F21.2"
"3573","CTD-2245E15.3"
"3574","RP4-694B14.8"
"3575","RP11-373M8.2"
"3576","AC005154.8"
"3577","RP11-175P19.3"
"3578","RP4-647C14.3"
