"","V1"
"1","AAMDC"
"2","AARS"
"3","ABCA1"
"4","ABCB10"
"5","ABCC8"
"6","ABCG1"
"7","ABCG2"
"8","ABHD12B"
"9","ABHD2"
"10","ABTB2"
"11","AC003991.3"
"12","AC005027.4"
"13","AC005537.2"
"14","AC005592.2"
"15","AC005752.10"
"16","AC007193.6"
"17","AC007228.5"
"18","AC007563.5"
"19","AC007682.1"
"20","AC008393.2"
"21","AC010746.2"
"22","AC012593.1"
"23","AC013267.2"
"24","AC013460.1"
"25","AC017074.2"
"26","AC027612.6"
"27","AC040963.1"
"28","AC064875.2"
"29","AC067956.1"
"30","AC073343.13"
"31","AC073479.1"
"32","AC074117.10"
"33","AC074141.3"
"34","AC074363.1"
"35","AC074391.1"
"36","AC079305.11"
"37","AC079610.1"
"38","AC083843.1"
"39","AC087886.1"
"40","AC090421.1"
"41","AC091814.2"
"42","AC093734.11"
"43","AC096559.1"
"44","AC096579.14"
"45","AC136007.2"
"46","ACACB"
"47","ACADL"
"48","ACADM"
"49","ACAP3"
"50","ACAT1"
"51","ACBD4"
"52","ACBD7"
"53","ACOT11"
"54","ACOT13"
"55","ACSL3"
"56","ACTB"
"57","ACTL6B"
"58","ADAM12"
"59","ADAM28"
"60","ADAM33"
"61","ADAMTS14"
"62","ADAMTS17"
"63","ADAMTS20"
"64","ADAMTS6"
"65","ADARB2"
"66","ADCK1"
"67","ADCK3"
"68","ADCY1"
"69","ADCY2"
"70","ADCY8"
"71","ADD3"
"72","ADGB"
"73","ADGRG1"
"74","ADGRL1"
"75","ADGRL3"
"76","ADGRV1"
"77","ADORA1"
"78","ADRA1A"
"79","ADRA1D"
"80","AFAP1L2"
"81","AFF3"
"82","AGAP6"
"83","AGPAT4"
"84","AJ003147.9"
"85","AJAP1"
"86","AK3"
"87","AKAP7"
"88","AKT1"
"89","AKT1S1"
"90","AL121656.4"
"91","AL450992.2"
"92","ALAD"
"93","ALDH1L1"
"94","ALDH1L2"
"95","ALDOC"
"96","ALG14"
"97","ALK"
"98","AMER2"
"99","AMZ1"
"100","ANGEL1"
"101","ANK2"
"102","ANK3"
"103","ANKFN1"
"104","ANKH"
"105","ANKHD1"
"106","ANKRD28"
"107","ANKRD33B"
"108","ANKRD36"
"109","ANKS1B"
"110","ANO3"
"111","ANO6"
"112","ANOS1"
"113","AP000233.4"
"114","AP000279.69"
"115","AP3B2"
"116","AP5M1"
"117","AP5Z1"
"118","APBB2"
"119","APC2"
"120","APH1B"
"121","APOD"
"122","APP"
"123","ARAP2"
"124","ARF4-AS1"
"125","ARHGAP15"
"126","ARHGAP18"
"127","ARHGAP21"
"128","ARHGAP24"
"129","ARHGAP29"
"130","ARHGAP31"
"131","ARHGAP35"
"132","ARHGAP5"
"133","ARHGEF12"
"134","ARHGEF2"
"135","ARHGEF38"
"136","ARHGEF6"
"137","ARID3B"
"138","ARL15"
"139","ARL4A"
"140","ARMC2"
"141","ARNT2"
"142","ARPP21"
"143","ARRB2"
"144","ARRDC2"
"145","ARSB"
"146","ARVCF"
"147","ASAP1"
"148","ASH2L"
"149","ASIC1"
"150","ASNA1"
"151","ASNS"
"152","ASPM"
"153","ATAD2B"
"154","ATAD3A"
"155","ATE1"
"156","ATF7"
"157","ATF7IP"
"158","ATG4C"
"159","ATIC"
"160","ATN1"
"161","ATP10A"
"162","ATP11B"
"163","ATP13A3"
"164","ATP13A4"
"165","ATP1B1"
"166","ATP1B2"
"167","ATP2B1"
"168","ATP2C2"
"169","ATP6V0A2"
"170","ATP6V0A4"
"171","ATP8A2"
"172","ATRNL1"
"173","ATXN1"
"174","AUTS2"
"175","AZIN2"
"176","B3GALT1"
"177","BACE1"
"178","BAZ1A"
"179","BAZ2B"
"180","BBS4"
"181","BCAN"
"182","BCAS1"
"183","BCAS3"
"184","BCL6"
"185","BCR"
"186","BEND4"
"187","BEST3"
"188","BEX5"
"189","BHLHE22"
"190","BIRC2"
"191","BLOC1S6"
"192","BMPER"
"193","BMPR1B"
"194","BOC"
"195","BRD8"
"196","BRINP1"
"197","BRINP2"
"198","BRIP1"
"199","BRMS1"
"200","BROX"
"201","BRSK1"
"202","BTBD8"
"203","BUB1B"
"204","C10orf11"
"205","C10orf90"
"206","C11orf1"
"207","C11orf65"
"208","C12orf42"
"209","C14orf93"
"210","C15orf41"
"211","C17orf80"
"212","C18orf54"
"213","C19orf54"
"214","C19orf66"
"215","C1QTNF7"
"216","C1orf21"
"217","C1orf50"
"218","C1orf61"
"219","C22orf34"
"220","C2orf42"
"221","C2orf49"
"222","C3orf18"
"223","C5orf17"
"224","C6orf120"
"225","C7orf26"
"226","C7orf60"
"227","C8orf44"
"228","C9orf142"
"229","C9orf37"
"230","CA10"
"231","CACNA1A"
"232","CACNA1E"
"233","CACNA2D3"
"234","CACNB2"
"235","CACNG5"
"236","CADM1"
"237","CADM2"
"238","CALN1"
"239","CAMK1G"
"240","CAMKMT"
"241","CAMSAP2"
"242","CAPN9"
"243","CAPZA1"
"244","CARD14"
"245","CARS2"
"246","CASK"
"247","CASKIN2"
"248","CBFB"
"249","CBLC"
"250","CCDC112"
"251","CCDC136"
"252","CCDC137"
"253","CCDC14"
"254","CCDC146"
"255","CCDC149"
"256","CCDC151"
"257","CCDC170"
"258","CCDC175"
"259","CCDC186"
"260","CCDC191"
"261","CCDC24"
"262","CCDC25"
"263","CCDC28A"
"264","CCDC34"
"265","CCDC50"
"266","CCDC60"
"267","CCDC67"
"268","CCDC88A"
"269","CCDC88C"
"270","CCK"
"271","CCND3"
"272","CCNE1"
"273","CCSER1"
"274","CCSER2"
"275","CD163"
"276","CD276"
"277","CD38"
"278","CD46"
"279","CD47"
"280","CD53"
"281","CD82"
"282","CDC37"
"283","CDC42BPA"
"284","CDH18"
"285","CDH19"
"286","CDH20"
"287","CDH8"
"288","CDIPT"
"289","CDK11B"
"290","CDK18"
"291","CDK6"
"292","CDK8"
"293","CDNF"
"294","CELF2"
"295","CELF3"
"296","CENPJ"
"297","CENPP"
"298","CENPQ"
"299","CENPV"
"300","CENPW"
"301","CEP104"
"302","CEP250"
"303","CERS2"
"304","CES2"
"305","CFAP161"
"306","CFAP20"
"307","CFAP61"
"308","CH17-189H20.1"
"309","CH17-437K3.1"
"310","CHAMP1"
"311","CHD4"
"312","CHL1"
"313","CHMP6"
"314","CHRDL1"
"315","CHRM3"
"316","CHST3"
"317","CHST8"
"318","CIT"
"319","CKB"
"320","CLASP2"
"321","CLASRP"
"322","CLCC1"
"323","CLCN7"
"324","CLDN11"
"325","CLIP4"
"326","CLSTN1"
"327","CLSTN2"
"328","CMYA5"
"329","CNGA3"
"330","CNGB3"
"331","CNTN1"
"332","CNTN3"
"333","CNTN5"
"334","CNTN6"
"335","COBL"
"336","COL15A1"
"337","COL19A1"
"338","COL4A3"
"339","COL4A4"
"340","COL4A6"
"341","COL6A2"
"342","COL6A4P2"
"343","COLGALT2"
"344","COMMD7"
"345","COPG1"
"346","COPG2"
"347","COPS7B"
"348","COQ9"
"349","CORO1C"
"350","COX5A"
"351","COX7B"
"352","CPD"
"353","CPEB4"
"354","CPNE5"
"355","CPO"
"356","CPT1A"
"357","CRADD"
"358","CREB1"
"359","CREB5"
"360","CREBBP"
"361","CREM"
"362","CRISPLD2"
"363","CRMP1"
"364","CRTAC1"
"365","CRTC2"
"366","CSF1R"
"367","CSF3R"
"368","CSGALNACT1"
"369","CSMD3"
"370","CSNK1A1"
"371","CSNK1A1P1"
"372","CSNK1G1"
"373","CSPG4"
"374","CST3"
"375","CTA-215D11.6"
"376","CTB-118P15.2"
"377","CTB-129O4.1"
"378","CTB-131B5.5"
"379","CTC-260E6.6"
"380","CTC-340D7.1"
"381","CTC-358I24.1"
"382","CTC-454M9.1"
"383","CTC-467M3.1"
"384","CTC-513N18.7"
"385","CTC-529I10.2"
"386","CTC-548K16.6"
"387","CTCF"
"388","CTD-2010I16.2"
"389","CTD-2012J19.3"
"390","CTD-2033A16.3"
"391","CTD-2054N24.2"
"392","CTD-2066L21.3"
"393","CTD-2189E23.1"
"394","CTD-2192D1.1"
"395","CTD-2196P11.1"
"396","CTD-2230D16.1"
"397","CTD-2335A18.1"
"398","CTD-3006G17.2"
"399","CTSL"
"400","CTTN"
"401","CTU1"
"402","CUL4B"
"403","CUX2"
"404","CX3CR1"
"405","CXXC4"
"406","CXXC5"
"407","CXorf18"
"408","CXorf23"
"409","CYB5B"
"410","CYB5D2"
"411","CYBB"
"412","CYP3A43"
"413","CYP3A5"
"414","CYP7B1"
"415","CYTH1"
"416","DACH2"
"417","DAGLB"
"418","DAPL1"
"419","DBF4"
"420","DCAF13"
"421","DCTN2"
"422","DCUN1D4"
"423","DDX17"
"424","DDX39A"
"425","DDX3Y"
"426","DDX60L"
"427","DENND2A"
"428","DENND4A"
"429","DEPDC7"
"430","DEPTOR"
"431","DGKB"
"432","DGKG"
"433","DHX57"
"434","DIAPH3"
"435","DICER1"
"436","DIRC3"
"437","DKK3"
"438","DLG1"
"439","DLGAP1"
"440","DMD"
"441","DMXL2"
"442","DNAH17"
"443","DNAJB1"
"444","DNAJC21"
"445","DNAJC5"
"446","DNMT3A"
"447","DNPH1"
"448","DOCK5"
"449","DOCK6"
"450","DOCK9"
"451","DPM1"
"452","DPP10"
"453","DPP6"
"454","DPYD"
"455","DSCAM"
"456","DTNA"
"457","DTX3"
"458","DUSP7"
"459","DVL3"
"460","DYNC1I2"
"461","DYNC1LI2"
"462","DYNC2H1"
"463","DYNLL1"
"464","E2F3"
"465","E2F4"
"466","EBF1"
"467","EBF2"
"468","ECM2"
"469","EDIL3"
"470","EFCAB1"
"471","EFCC1"
"472","EFNA1"
"473","EGFEM1P"
"474","EGFR"
"475","EGR1"
"476","EHHADH"
"477","EIF1AY"
"478","EIF3G"
"479","EIF3I"
"480","EIF4ENIF1"
"481","EIF4G3"
"482","ELAVL4"
"483","EMB"
"484","EMC2"
"485","ENAH"
"486","ENPP6"
"487","ENTPD4"
"488","ENY2"
"489","EPB41L2"
"490","EPHA6"
"491","EPHB1"
"492","EPHB2"
"493","EPN2"
"494","EPS8"
"495","ERBB4"
"496","ERC2"
"497","EXOC6"
"498","EXOC8"
"499","EXOSC7"
"500","EYA3"
"501","EYA4"
"502","EYS"
"503","EZH2"
"504","FAIM2"
"505","FAM102B"
"506","FAM104B"
"507","FAM111A"
"508","FAM118A"
"509","FAM133A"
"510","FAM134A"
"511","FAM155A"
"512","FAM168B"
"513","FAM198A"
"514","FAM19A1"
"515","FAM19A5"
"516","FAM3A"
"517","FAM47E"
"518","FAM49A"
"519","FAM53C"
"520","FAM69A"
"521","FAM71D"
"522","FAM76A"
"523","FAM83D"
"524","FAM8A1"
"525","FANCC"
"526","FANCE"
"527","FARP1"
"528","FBN2"
"529","FBN3"
"530","FBXL12"
"531","FBXO25"
"532","FBXO31"
"533","FBXO7"
"534","FBXW4"
"535","FBXW5"
"536","FCHSD2"
"537","FERMT1"
"538","FGF12"
"539","FGF14"
"540","FGF5"
"541","FGFR1"
"542","FGFR3"
"543","FGL1"
"544","FHIT"
"545","FHL3"
"546","FIBIN"
"547","FKBP14"
"548","FKBP5"
"549","FLNA"
"550","FLRT2"
"551","FLT1"
"552","FLT3"
"553","FMNL3"
"554","FNDC3B"
"555","FOS"
"556","FOXO1"
"557","FOXP1"
"558","FPGT-TNNI3K"
"559","FRAS1"
"560","FREM1"
"561","FREM2"
"562","FRMD4A"
"563","FRMD4B"
"564","FRMD5"
"565","FRS2"
"566","FRY"
"567","FSD2"
"568","FTL"
"569","FUNDC2"
"570","FUT8"
"571","FXR1"
"572","FYN"
"573","GAB2"
"574","GABRB1"
"575","GABRB2"
"576","GAD1"
"577","GALK2"
"578","GALNT13"
"579","GALNT14"
"580","GALNT8"
"581","GALR1"
"582","GAS2L3"
"583","GATB"
"584","GATC"
"585","GBE1"
"586","GBF1"
"587","GBP3"
"588","GCNA"
"589","GHR"
"590","GINS3"
"591","GIPC1"
"592","GKAP1"
"593","GLCE"
"594","GLDC"
"595","GLDN"
"596","GLIS3"
"597","GLRX2"
"598","GLT1D1"
"599","GLUL"
"600","GMCL1"
"601","GNA12"
"602","GNAI1"
"603","GNAO1"
"604","GNB1L"
"605","GNB4"
"606","GNG2"
"607","GNG4"
"608","GNGT1"
"609","GOLPH3"
"610","GOLT1A"
"611","GPALPP1"
"612","GPATCH11"
"613","GPC5"
"614","GPC6"
"615","GPNMB"
"616","GPR137B"
"617","GPR158"
"618","GPR17"
"619","GPR75"
"620","GPRASP2"
"621","GPRC5B"
"622","GRAMD1C"
"623","GRB10"
"624","GRB2"
"625","GRIA1"
"626","GRIA2"
"627","GRIA4"
"628","GRID1"
"629","GRIK3"
"630","GRIN2A"
"631","GRIN2D"
"632","GRIP1"
"633","GRM5"
"634","GRM7"
"635","GRM8"
"636","GS1-114I9.3"
"637","GSAP"
"638","GSG1L"
"639","GSPT2"
"640","GSTA4"
"641","GSTM5"
"642","GUCA1B"
"643","GUCY1A2"
"644","GULP1"
"645","GYPC"
"646","HABP4"
"647","HACL1"
"648","HAVCR2"
"649","HBB"
"650","HDAC4"
"651","HEATR5B"
"652","HEBP1"
"653","HELLS"
"654","HERC2P3"
"655","HERC6"
"656","HIF3A"
"657","HIP1"
"658","HIP1R"
"659","HIPK2"
"660","HIST1H1E"
"661","HIST2H2BE"
"662","HIVEP1"
"663","HK1"
"664","HLTF"
"665","HMGCS1"
"666","HOOK3"
"667","HS3ST4"
"668","HS6ST3"
"669","HSCB"
"670","HSD17B1"
"671","HSP90B1"
"672","HTRA1"
"673","HUNK"
"674","HYPK"
"675","IER5"
"676","IFI16"
"677","IFNGR1"
"678","IFRD2"
"679","IGF1R"
"680","IGF2BP2"
"681","IGF2BP3"
"682","IGLON5"
"683","IGSF11"
"684","IKZF1"
"685","IL1R1"
"686","IL1RAP"
"687","IL5RA"
"688","ILDR2"
"689","INPP4B"
"690","INPP5A"
"691","INSIG1"
"692","INSIG2"
"693","INTS10"
"694","IPO8"
"695","IQCB1"
"696","IQCJ-SCHIP1"
"697","IQSEC1"
"698","IQSEC2"
"699","IRAK2"
"700","IRF8"
"701","ITGA8"
"702","ITGA9"
"703","ITGB8"
"704","ITM2B"
"705","ITPKB"
"706","ITPR2"
"707","ITPRIP"
"708","IWS1"
"709","JAZF1"
"710","JPH1"
"711","JPX"
"712","JUNB"
"713","KALP"
"714","KANSL1L"
"715","KAT2B"
"716","KAT5"
"717","KATNA1"
"718","KAZN"
"719","KB-1208A12.3"
"720","KBTBD12"
"721","KCNB2"
"722","KCND2"
"723","KCND3"
"724","KCNE1"
"725","KCNH7"
"726","KCNIP2"
"727","KCNK6"
"728","KCNMA1"
"729","KCNQ1OT1"
"730","KCNQ3"
"731","KCNQ5"
"732","KCTD9"
"733","KCTD9P1"
"734","KDM4C"
"735","KDM5A"
"736","KDM5D"
"737","KDM8"
"738","KHDRBS2"
"739","KHK"
"740","KHNYN"
"741","KIAA0319"
"742","KIAA1217"
"743","KIAA1257"
"744","KIAA1549L"
"745","KIF13A"
"746","KIF13B"
"747","KIF19"
"748","KIF1B"
"749","KIF21A"
"750","KIF5B"
"751","KIZ"
"752","KLF12"
"753","KLF15"
"754","KLHDC2"
"755","KLHL1"
"756","KLHL11"
"757","KLHL24"
"758","KLHL28"
"759","KLHL29"
"760","KLHL32"
"761","KLHL4"
"762","KRI1"
"763","KRT86"
"764","KSR2"
"765","KXD1"
"766","KYNU"
"767","LAMA4"
"768","LAMP2"
"769","LAMTOR3"
"770","LARGE"
"771","LAT2"
"772","LBR"
"773","LCAT"
"774","LCORL"
"775","LDLRAD3"
"776","LDLRAD4"
"777","LGI1"
"778","LGI2"
"779","LGI3"
"780","LHFP"
"781","LHFPL3"
"782","LHFPL3-AS2"
"783","LHPP"
"784","LIFR"
"785","LIMD1"
"786","LIMS2"
"787","LINC-PINT"
"788","LINC00461"
"789","LINC01374"
"790","LMBR1"
"791","LMNB1"
"792","LONP1"
"793","LPAR1"
"794","LPAR4"
"795","LPAR5"
"796","LPGAT1"
"797","LPIN3"
"798","LPL"
"799","LRAT"
"800","LRFN2"
"801","LRIG1"
"802","LRIG3"
"803","LRP1"
"804","LRP1B"
"805","LRP4"
"806","LRP5L"
"807","LRPPRC"
"808","LRRC1"
"809","LRRC2"
"810","LRRC4"
"811","LRRC41"
"812","LRRC4C"
"813","LRRC7"
"814","LRRC8D"
"815","LRRK2"
"816","LRRTM4"
"817","LSAMP"
"818","LTBP1"
"819","LUZP2"
"820","LYPD8"
"821","LYST"
"822","MAF"
"823","MAGI1"
"824","MALAT1"
"825","MAML2"
"826","MAML3"
"827","MAOB"
"828","MAP1B"
"829","MAP2"
"830","MAP2K4P1"
"831","MAP2K5"
"832","MAP3K1"
"833","MAP3K5"
"834","MAP3K8"
"835","MAP4K3"
"836","MAP7"
"837","MARCKSL1"
"838","MATN2"
"839","MB21D2"
"840","MBNL1"
"841","MBP"
"842","MCF2L2"
"843","MCL1"
"844","MCM10"
"845","MCMDC2"
"846","MDGA2"
"847","ME3"
"848","MED20"
"849","MEG3"
"850","MEGF10"
"851","MEIS1"
"852","MEIS2"
"853","MERTK"
"854","METTL22"
"855","MFSD2B"
"856","MGAT4A"
"857","MGLL"
"858","MICAL3"
"859","MIF4GD"
"860","MIPOL1"
"861","MIR100HG"
"862","MIR137HG"
"863","MIR99AHG"
"864","MIRLET7BHG"
"865","MKLN1"
"866","MLLT4"
"867","MMD"
"868","MMD2"
"869","MMP14"
"870","MMP16"
"871","MMP2"
"872","MN1"
"873","MOB2"
"874","MOB3B"
"875","MOBP"
"876","MOCS2"
"877","MOGAT1"
"878","MOXD1"
"879","MPHOSPH8"
"880","MPZL1"
"881","MRFAP1L1"
"882","MROH9"
"883","MRPL10"
"884","MRPL28"
"885","MRPL35"
"886","MSANTD3"
"887","MSH3"
"888","MSI1"
"889","MSR1"
"890","MSRB3"
"891","MT-ATP6"
"892","MT-CO1"
"893","MT-ND1"
"894","MT-RNR1"
"895","MTCP1"
"896","MTMR4"
"897","MTSS1L"
"898","MUM1"
"899","MUS81"
"900","MYLK3"
"901","MYLK4"
"902","MYO5B"
"903","MYO7A"
"904","MYO9A"
"905","MYT1L"
"906","MZT2A"
"907","N4BP2L1"
"908","N4BP2L2"
"909","NAALADL2"
"910","NACC2"
"911","NALCN"
"912","NAPB"
"913","NAT8L"
"914","NAV1"
"915","NAV2"
"916","NAV3"
"917","NBAS"
"918","NBN"
"919","NBPF1"
"920","NBPF11"
"921","NBR2"
"922","NCALD"
"923","NCAN"
"924","NCAPD3"
"925","NCKAP1"
"926","NCKAP5"
"927","NCOA1"
"928","NCOA7"
"929","NCOR2"
"930","NCRNA00185"
"931","NDFIP2"
"932","NDRG1"
"933","NDRG2"
"934","NDRG3"
"935","NDUFB10"
"936","NDUFC2-KCTD14"
"937","NDUFS6"
"938","NDUFV2"
"939","NEAT1"
"940","NEBL"
"941","NEDD1"
"942","NEDD4"
"943","NEK10"
"944","NEK11"
"945","NEK5"
"946","NEK7"
"947","NELL1"
"948","NEURL1B"
"949","NF2"
"950","NFASC"
"951","NFATC2"
"952","NFATC2IP"
"953","NFIA"
"954","NFIB"
"955","NFKBIZ"
"956","NFRKB"
"957","NGEF"
"958","NINJ2"
"959","NIPAL3"
"960","NKAIN1"
"961","NKAIN3"
"962","NKX2-2"
"963","NLGN1"
"964","NLGN4Y"
"965","NLK"
"966","NLRC4"
"967","NLRP3"
"968","NMNAT3"
"969","NOD1"
"970","NOL8"
"971","NOM1"
"972","NONO"
"973","NOP10"
"974","NOP16"
"975","NOS1"
"976","NOS1AP"
"977","NOVA1"
"978","NPAS2"
"979","NPAT"
"980","NPY"
"981","NRCAM"
"982","NRG3"
"983","NRXN1"
"984","NRXN3"
"985","NT5C2"
"986","NTM"
"987","NTNG1"
"988","NUB1"
"989","NUBP2"
"990","NUCB2"
"991","NUDT11"
"992","NUP35"
"993","NUP98"
"994","NXPE3"
"995","NXPH1"
"996","NYAP2"
"997","OLFM2"
"998","OLMALINC"
"999","ONECUT1"
"1000","OPCML"
"1001","OPHN1"
"1002","OR2L2"
"1003","ORAOV1"
"1004","OSBP2"
"1005","OSBPL1A"
"1006","OSBPL6"
"1007","OSMR"
"1008","PACRG"
"1009","PAK1"
"1010","PAM"
"1011","PAQR6"
"1012","PARD3"
"1013","PARK2"
"1014","PARM1"
"1015","PARP9"
"1016","PARVB"
"1017","PATJ"
"1018","PBX4"
"1019","PC"
"1020","PCDH11X"
"1021","PCDH11Y"
"1022","PCDH12"
"1023","PCDH15"
"1024","PCDH7"
"1025","PCDH9"
"1026","PCDHGC5"
"1027","PCGF5"
"1028","PCNT"
"1029","PCNX3"
"1030","PCSK7"
"1031","PDCD2"
"1032","PDE1B"
"1033","PDE1C"
"1034","PDE3A"
"1035","PDE3B"
"1036","PDE4B"
"1037","PDE8A"
"1038","PDGFRA"
"1039","PDK1"
"1040","PDPK1"
"1041","PDZD2"
"1042","PDZRN4"
"1043","PEAK1"
"1044","PEG10"
"1045","PEPD"
"1046","PER3"
"1047","PEX5L"
"1048","PGAM5"
"1049","PHACTR3"
"1050","PHC3"
"1051","PHF14"
"1052","PHF6"
"1053","PHKG2"
"1054","PHLDB1"
"1055","PHLDB2"
"1056","PHYHIPL"
"1057","PIBF1"
"1058","PICK1"
"1059","PID1"
"1060","PIGB"
"1061","PIK3R1"
"1062","PILRA"
"1063","PIM3"
"1064","PIP4K2A"
"1065","PIP4K2C"
"1066","PIP5K1B"
"1067","PITPNC1"
"1068","PKP2"
"1069","PKP4"
"1070","PLA2G4A"
"1071","PLA2G7"
"1072","PLA2R1"
"1073","PLAC9"
"1074","PLAT"
"1075","PLAUR"
"1076","PLCB1"
"1077","PLD1"
"1078","PLEKHA2"
"1079","PLEKHB1"
"1080","PLEKHG1"
"1081","PLEKHH2"
"1082","PLG"
"1083","PLIN5"
"1084","PLOD1"
"1085","PLPP4"
"1086","PLXDC2"
"1087","PLXNA4"
"1088","PLXNB1"
"1089","PMP2"
"1090","PNCK"
"1091","PNISR"
"1092","PNMA3"
"1093","PNMAL2"
"1094","PNPLA7"
"1095","POC1A"
"1096","POFUT1"
"1097","POLR2D"
"1098","POLR2F"
"1099","POLR2G"
"1100","POU6F2"
"1101","PPARD"
"1102","PPARGC1A"
"1103","PPFIBP1"
"1104","PPFIBP2"
"1105","PPM1B"
"1106","PPM1L"
"1107","PPOX"
"1108","PPP1R13B"
"1109","PPP1R16B"
"1110","PPP1R1C"
"1111","PPP1R21"
"1112","PPP1R9A"
"1113","PPP2R2B"
"1114","PPP2R5B"
"1115","PPP3CC"
"1116","PPT1"
"1117","PRDX4"
"1118","PREX1"
"1119","PREX2"
"1120","PRICKLE1"
"1121","PRICKLE2"
"1122","PRKAB1"
"1123","PRKACB"
"1124","PRKCA"
"1125","PRKCD"
"1126","PRKCH"
"1127","PRPSAP1"
"1128","PRR26"
"1129","PRRX1"
"1130","PRUNE2"
"1131","PSEN2"
"1132","PSIP1"
"1133","PSKH1"
"1134","PSMC3"
"1135","PSMD5"
"1136","PTAFR"
"1137","PTCH1"
"1138","PTCSC3"
"1139","PTN"
"1140","PTP4A1"
"1141","PTP4A2"
"1142","PTPN9"
"1143","PTPRD"
"1144","PTPRJ"
"1145","PTPRM"
"1146","PTPRN"
"1147","PTPRO"
"1148","PTPRT"
"1149","PTPRZ1"
"1150","PYCR2"
"1151","PYGM"
"1152","RAB10"
"1153","RAB20"
"1154","RAB22A"
"1155","RAB31"
"1156","RAB36"
"1157","RAB3GAP1"
"1158","RAB3IP"
"1159","RAI14"
"1160","RALGAPA2"
"1161","RALYL"
"1162","RAMP1"
"1163","RANBP17"
"1164","RAPGEF1"
"1165","RAPGEF2"
"1166","RAPGEF4"
"1167","RARRES3"
"1168","RASGEF1B"
"1169","RASSF4"
"1170","RASSF5"
"1171","RBFOX1"
"1172","RBM23"
"1173","RBM38"
"1174","RBM5-AS1"
"1175","RBMS1"
"1176","RBP1"
"1177","RCAN2"
"1178","RCAN3"
"1179","RCBTB1"
"1180","REEP1"
"1181","REL"
"1182","REPS2"
"1183","REV3L"
"1184","RFTN2"
"1185","RFWD3"
"1186","RFX3"
"1187","RFXAP"
"1188","RGL3"
"1189","RGS4"
"1190","RHBDL3"
"1191","RHCG"
"1192","RIC1"
"1193","RIMS1"
"1194","RIN2"
"1195","RNF103"
"1196","RNF144A"
"1197","RNF150"
"1198","RNF152"
"1199","RNF180"
"1200","RNF24"
"1201","ROBO2"
"1202","ROR2"
"1203","RORA"
"1204","RP1-146A15.1"
"1205","RP1-18D14.3"
"1206","RP1-234P15.4"
"1207","RP1-30E17.2"
"1208","RP1-37E16.12"
"1209","RP1-66C13.4"
"1210","RP1-79C4.4"
"1211","RP11-1006G14.2"
"1212","RP11-101C11.1"
"1213","RP11-1023L17.1"
"1214","RP11-103J8.1"
"1215","RP11-10K16.1"
"1216","RP11-114H23.1"
"1217","RP11-115D19.1"
"1218","RP11-117L5.1"
"1219","RP11-1186N24.5"
"1220","RP11-118G23.3"
"1221","RP11-1191J2.5"
"1222","RP11-11N9.4"
"1223","RP11-122G18.12"
"1224","RP11-123B3.2"
"1225","RP11-124B13.1"
"1226","RP11-142O6.1"
"1227","RP11-148G20.1"
"1228","RP11-150L8.4"
"1229","RP11-156K13.1"
"1230","RP11-159F24.1"
"1231","RP11-15B17.1"
"1232","RP11-165N12.2"
"1233","RP11-169E6.1"
"1234","RP11-169K16.9"
"1235","RP11-170M17.1"
"1236","RP11-176N18.2"
"1237","RP11-177G23.1"
"1238","RP11-179A16.1"
"1239","RP11-182J1.14"
"1240","RP11-184D12.1"
"1241","RP11-18H7.1"
"1242","RP11-196G11.6"
"1243","RP11-220I1.1"
"1244","RP11-228M15.1"
"1245","RP11-245J9.2"
"1246","RP11-255H23.2"
"1247","RP11-261N11.14"
"1248","RP11-268G12.1"
"1249","RP11-269F21.3"
"1250","RP11-278H7.1"
"1251","RP11-280F2.2"
"1252","RP11-295K3.1"
"1253","RP11-298D21.1"
"1254","RP11-2E17.1"
"1255","RP11-308N19.1"
"1256","RP11-30C8.2"
"1257","RP11-315E17.1"
"1258","RP11-31F15.2"
"1259","RP11-323P17.1"
"1260","RP11-325F22.3"
"1261","RP11-327J17.3"
"1262","RP11-33A14.1"
"1263","RP11-33B1.2"
"1264","RP11-341A22.2"
"1265","RP11-341G23.4"
"1266","RP11-345J4.8"
"1267","RP11-351A11.1"
"1268","RP11-355I22.3"
"1269","RP11-362K2.2"
"1270","RP11-368L12.1"
"1271","RP11-37C7.3"
"1272","RP11-381K20.2"
"1273","RP11-382J12.1"
"1274","RP11-384E5.2"
"1275","RP11-384J4.2"
"1276","RP11-384P7.7"
"1277","RP11-385D13.3"
"1278","RP11-389E17.1"
"1279","RP11-390P2.4"
"1280","RP11-397E7.6"
"1281","RP11-3J1.1"
"1282","RP11-403A3.3"
"1283","RP11-404G16.1"
"1284","RP11-406A9.2"
"1285","RP11-407G23.5"
"1286","RP11-408E5.7"
"1287","RP11-417L19.5"
"1288","RP11-419I17.1"
"1289","RP11-429A20.3"
"1290","RP11-436K8.1"
"1291","RP11-446F17.3"
"1292","RP11-460M2.1"
"1293","RP11-473M20.7"
"1294","RP11-482M8.1"
"1295","RP11-499P20.2"
"1296","RP11-506O24.2"
"1297","RP11-50D16.4"
"1298","RP11-51F16.5"
"1299","RP11-530N7.2"
"1300","RP11-551L14.5"
"1301","RP11-552M11.4"
"1302","RP11-555K12.3"
"1303","RP11-566K8.2"
"1304","RP11-57A19.7"
"1305","RP11-586K2.1"
"1306","RP11-58B17.1"
"1307","RP11-617D20.1"
"1308","RP11-624C23.1"
"1309","RP11-629N8.3"
"1310","RP11-62I21.1"
"1311","RP11-630C16.2"
"1312","RP11-631M6.2"
"1313","RP11-631N16.2"
"1314","RP11-64D24.2"
"1315","RP11-65L3.3"
"1316","RP11-681B3.4"
"1317","RP11-694I15.7"
"1318","RP11-69I8.3"
"1319","RP11-6J21.2"
"1320","RP11-702M1.1"
"1321","RP11-728K20.2"
"1322","RP11-73M7.6"
"1323","RP11-74E22.4"
"1324","RP11-752D24.3"
"1325","RP11-756G20.1"
"1326","RP11-761E20.1"
"1327","RP11-761I4.3"
"1328","RP11-767N6.3"
"1329","RP11-76I14.1"
"1330","RP11-775H9.2"
"1331","RP11-776H12.1"
"1332","RP11-797A18.5"
"1333","RP11-799O21.2"
"1334","RP11-813I20.2"
"1335","RP11-814P5.1"
"1336","RP11-848P1.9"
"1337","RP11-85M11.2"
"1338","RP11-862L9.3"
"1339","RP11-886D15.1"
"1340","RP11-886H22.1"
"1341","RP11-887P2.1"
"1342","RP11-89N17.4"
"1343","RP11-93O7.5"
"1344","RP13-507I23.1"
"1345","RP13-52K8.1"
"1346","RP3-525N10.2"
"1347","RP4-555D20.1"
"1348","RP4-555D20.2"
"1349","RP4-769N13.6"
"1350","RP4-794H19.2"
"1351","RP4-794H19.4"
"1352","RP5-1043L13.1"
"1353","RP5-1070A16.1"
"1354","RP5-1107A17.4"
"1355","RP5-827C21.4"
"1356","RP5-828H9.3"
"1357","RP5-921G16.1"
"1358","RP5-947P14.1"
"1359","RP5-968J1.1"
"1360","RPAIN"
"1361","RPAP1"
"1362","RPH3A"
"1363","RPL13"
"1364","RPL18"
"1365","RPL21P122"
"1366","RPL23AP49"
"1367","RPL23AP79"
"1368","RPL34-AS1"
"1369","RPS12"
"1370","RPS15"
"1371","RRAS2"
"1372","RRM1"
"1373","RTKN"
"1374","RTTN"
"1375","RUNDC3B"
"1376","RXRA"
"1377","SAMD12"
"1378","SAMHD1"
"1379","SAMSN1"
"1380","SASH1"
"1381","SCARNA9"
"1382","SCD5"
"1383","SCFD2"
"1384","SCLT1"
"1385","SCP2"
"1386","SDC2"
"1387","SDHA"
"1388","SDHD"
"1389","SDK1"
"1390","SEC23A"
"1391","SECISBP2L"
"1392","SEL1L3"
"1393","SEM1"
"1394","SEMA3C"
"1395","SEMA3E"
"1396","SEMA4C"
"1397","SEMA4D"
"1398","SEMA5A"
"1399","SEMA5B"
"1400","SEMA6A"
"1401","SEMA6D"
"1402","SENP6"
"1403","SEPP1"
"1404","SEPT8"
"1405","SESN3"
"1406","SF3B1"
"1407","SFI1"
"1408","SFMBT2"
"1409","SFRP1"
"1410","SGCB"
"1411","SGCD"
"1412","SGCZ"
"1413","SGK1"
"1414","SGMS1"
"1415","SGMS2"
"1416","SGSM1"
"1417","SGTB"
"1418","SH2D4A"
"1419","SH3KBP1"
"1420","SH3RF3"
"1421","SHANK2"
"1422","SHC3"
"1423","SHISA6"
"1424","SHISA7"
"1425","SHISA9"
"1426","SIRT4"
"1427","SIVA1"
"1428","SKINT1L"
"1429","SLAIN1"
"1430","SLC15A4"
"1431","SLC16A10"
"1432","SLC19A1"
"1433","SLC19A2"
"1434","SLC1A2"
"1435","SLC22A17"
"1436","SLC24A1"
"1437","SLC24A2"
"1438","SLC24A3"
"1439","SLC25A18"
"1440","SLC25A36"
"1441","SLC35B1"
"1442","SLC35F1"
"1443","SLC35F3"
"1444","SLC37A1"
"1445","SLC38A11"
"1446","SLC39A13"
"1447","SLC41A3"
"1448","SLC44A5"
"1449","SLC4A2"
"1450","SLC5A3"
"1451","SLC6A1"
"1452","SLC6A11"
"1453","SLC6A7"
"1454","SLC7A5"
"1455","SLC7A6OS"
"1456","SLC8A2"
"1457","SLC9A1"
"1458","SLC9B1"
"1459","SLIT1"
"1460","SLIT2"
"1461","SLU7"
"1462","SMAD3"
"1463","SMAD5"
"1464","SMARCAL1"
"1465","SMARCD2"
"1466","SMC1A"
"1467","SMC4"
"1468","SMC6"
"1469","SMG5"
"1470","SMIM2-AS1"
"1471","SMOC1"
"1472","SMYD3"
"1473","SNAP91"
"1474","SNIP1"
"1475","SNRPE"
"1476","SNTG1"
"1477","SNU13"
"1478","SNX30"
"1479","SNX6"
"1480","SOCS4"
"1481","SOCS5"
"1482","SORBS1"
"1483","SORCS3"
"1484","SORL1"
"1485","SOX11"
"1486","SOX2-OT"
"1487","SOX5"
"1488","SOX6"
"1489","SP140"
"1490","SP4"
"1491","SPARCL1"
"1492","SPATA16"
"1493","SPATA7"
"1494","SPATS2L"
"1495","SPECC1"
"1496","SPEN"
"1497","SPHK2"
"1498","SPOCK1"
"1499","SPOCK3"
"1500","SPRED1"
"1501","SPRED2"
"1502","SPRY4"
"1503","SPTSSA"
"1504","SRC"
"1505","SREBF2"
"1506","SRGAP3"
"1507","SRP54"
"1508","SRP9"
"1509","SSFA2"
"1510","SSR3"
"1511","ST18"
"1512","ST6GALNAC5"
"1513","ST8SIA1"
"1514","STAM2"
"1515","STIM1"
"1516","STK32A"
"1517","STK32B"
"1518","STOM"
"1519","STX7"
"1520","STXBP5L"
"1521","SUFU"
"1522","SUGP2"
"1523","SULF2"
"1524","SUMF1"
"1525","SUSD4"
"1526","SUZ12P"
"1527","SVOP"
"1528","SYCP2"
"1529","SYN3"
"1530","SYNE2"
"1531","SYT1"
"1532","SYT14"
"1533","SYT6"
"1534","SYTL4"
"1535","SZT2"
"1536","TACO1"
"1537","TAF10"
"1538","TAF3"
"1539","TANC1"
"1540","TANC2"
"1541","TAOK3"
"1542","TATDN2"
"1543","TBXAS1"
"1544","TCF7L1"
"1545","TCF7L2"
"1546","TCN2"
"1547","TCTEX1D1"
"1548","TDRD6"
"1549","TEK"
"1550","TENM2"
"1551","TENM3"
"1552","TERF2IP"
"1553","TEX14"
"1554","TFG"
"1555","TFR2"
"1556","TGFBR1"
"1557","THBS1"
"1558","THBS3"
"1559","TIAM1"
"1560","TIGD1"
"1561","TIGD6"
"1562","TIMM23B"
"1563","TIMM44"
"1564","TIMM50"
"1565","TLE1"
"1566","TLE2"
"1567","TLE4"
"1568","TLN2"
"1569","TM2D3"
"1570","TM7SF3"
"1571","TMCC3"
"1572","TMED11P"
"1573","TMEM108"
"1574","TMEM109"
"1575","TMEM132B"
"1576","TMEM132C"
"1577","TMEM163"
"1578","TMEM169"
"1579","TMEM176B"
"1580","TMEM178B"
"1581","TMEM18"
"1582","TMEM198B"
"1583","TMEM200C"
"1584","TMEM206"
"1585","TMEM208"
"1586","TMEM214"
"1587","TMEM229A"
"1588","TMEM232"
"1589","TMEM237"
"1590","TMEM33"
"1591","TMEM43"
"1592","TMOD1"
"1593","TMSB4X"
"1594","TMTC2"
"1595","TMX1"
"1596","TNFAIP3"
"1597","TNFSF13B"
"1598","TNIK"
"1599","TNKS"
"1600","TNP1"
"1601","TNR"
"1602","TNRC6A"
"1603","TNRC6B"
"1604","TNRC6C"
"1605","TNS3"
"1606","TOGARAM2"
"1607","TOMM70"
"1608","TOX"
"1609","TPCN1"
"1610","TPCN2"
"1611","TPD52L1"
"1612","TPM1"
"1613","TRAM2"
"1614","TRIB1"
"1615","TRIM67"
"1616","TRIM68"
"1617","TRIM9"
"1618","TRIO"
"1619","TRIP11"
"1620","TRPC1"
"1621","TRPC4"
"1622","TRPM6"
"1623","TRPV2"
"1624","TSC22D1"
"1625","TSC22D3"
"1626","TSHR"
"1627","TSHZ2"
"1628","TSPAN7"
"1629","TTC37"
"1630","TTC39B"
"1631","TTLL4"
"1632","TTLL6"
"1633","TTPA"
"1634","TTTY15"
"1635","TUBB2B"
"1636","TUBB4A"
"1637","TXLNG2P"
"1638","TXNIP"
"1639","UAP1"
"1640","UBE2O"
"1641","UHRF1BP1L"
"1642","ULK2"
"1643","UNC13A"
"1644","UNC13C"
"1645","UNC5C"
"1646","UNC5D"
"1647","UNC80"
"1648","UQCRH"
"1649","USP21"
"1650","USP24"
"1651","USP28"
"1652","USP43"
"1653","USP54"
"1654","UTP23"
"1655","UTRN"
"1656","UTS2B"
"1657","UTY"
"1658","VAMP1"
"1659","VAV3"
"1660","VCAN"
"1661","VIPR2"
"1662","VPS13C"
"1663","VPS45"
"1664","WASF1"
"1665","WASF2"
"1666","WASHC1"
"1667","WASHC2A"
"1668","WBSCR22"
"1669","WDR1"
"1670","WDR17"
"1671","WDR91"
"1672","WIPI2"
"1673","WNT7A"
"1674","WSCD1"
"1675","WWOX"
"1676","WWP1"
"1677","WWP2"
"1678","XKR4"
"1679","XPR1"
"1680","XRCC3"
"1681","XXbac-BPG55C20.7"
"1682","YIPF5"
"1683","YME1L1"
"1684","ZAN"
"1685","ZBED8"
"1686","ZBTB16"
"1687","ZBTB20"
"1688","ZCCHC14"
"1689","ZCCHC24"
"1690","ZCCHC6"
"1691","ZDHHC14"
"1692","ZDHHC21"
"1693","ZEB1"
"1694","ZEB2"
"1695","ZER1"
"1696","ZFAND3"
"1697","ZFAND4"
"1698","ZFPM2"
"1699","ZFY"
"1700","ZFYVE16"
"1701","ZHX2"
"1702","ZIM2"
"1703","ZMIZ1"
"1704","ZMYND19"
"1705","ZMYND8"
"1706","ZNF148"
"1707","ZNF195"
"1708","ZNF202"
"1709","ZNF225"
"1710","ZNF248"
"1711","ZNF283"
"1712","ZNF287"
"1713","ZNF385D"
"1714","ZNF414"
"1715","ZNF469"
"1716","ZNF519"
"1717","ZNF525"
"1718","ZNF536"
"1719","ZNF547"
"1720","ZNF559-ZNF177"
"1721","ZNF580"
"1722","ZNF599"
"1723","ZNF600"
"1724","ZNF630"
"1725","ZNF646"
"1726","ZNF649"
"1727","ZNF687"
"1728","ZNF714"
"1729","ZNF726"
"1730","ZNF804A"
"1731","ZNHIT1"
"1732","ZNRF3"
"1733","ZRANB2"
"1734","ZSWIM6"
"1735","ZSWIM7"
"1736","ZYG11B"
"1737","AC005540.3"
"1738","AC105053.4"
"1739","BMF"
"1740","CA1"
"1741","CTD-2215L10.1"
"1742","CXorf28"
"1743","DENND1C"
"1744","FAM177B"
"1745","FCER1G"
"1746","INSL6"
"1747","LA16c-358B7.3"
"1748","LINC00216"
"1749","MNDA"
"1750","PNLIPRP3"
"1751","PTK6"
"1752","RP11-1078H9.5"
"1753","RP11-211G3.3"
"1754","RP11-272B17.1"
"1755","RP11-272L13.1"
"1756","RP11-345P4.6"
"1757","RP11-353N4.5"
"1758","RP11-363L24.3"
"1759","RP11-40A7.2"
"1760","RP11-459P23.1"
"1761","RP11-45A17.4"
"1762","RP11-463J10.2"
"1763","RP11-702F3.1"
"1764","RP11-90L20.2"
"1765","RP4-599G15.1"
"1766","RP5-1039K5.16"
"1767","RP5-920G3.3"
"1768","SASH3"
"1769","SIGLEC9"
"1770","SRPX2"
"1771","SSBP3-AS1"
"1772","WNK4"
"1773","XIST"
"1774","ZNF750"
"1775","AARS2"
"1776","C17orf58"
"1777","CAV1"
"1778","CTC-429P9.5"
"1779","CYSLTR2"
"1780","GAL3ST4"
"1781","GAREM2"
"1782","GPR149"
"1783","IL20RA"
"1784","KLF10"
"1785","MUC3A"
"1786","OVOS"
"1787","QPCT"
"1788","RN7SL587P"
"1789","RP11-1055B8.4"
"1790","RP11-174O3.3"
"1791","RP11-178C3.6"
"1792","RP11-379H18.1"
"1793","RP11-522B15.3"
"1794","RP11-52A20.2"
"1795","RP11-695J4.2"
"1796","RP4-545K15.5"
"1797","SCUBE1"
"1798","TVP23C"
"1799","HRNR"
"1800","RP11-210H10--A.1"
"1801","RP3-368A4.2"
"1802","RP11-472N13.3"
"1803","RP5-1065O2.4"
"1804","IL1A"
"1805","RP11-49K24.8"
"1806","ASCL1"
"1807","BCDIN3D"
"1808","C1orf106"
"1809","C9orf43"
"1810","CENPF"
"1811","CTA-360L10.1"
"1812","CTD-2583A14.10"
"1813","EDDM13"
"1814","KIF18B"
"1815","OXSM"
"1816","PCDHA9"
"1817","PPP1R1A"
"1818","PTPRVP"
"1819","RP11-1348G14.5"
"1820","RP11-27K13.3"
"1821","RP11-305E6.4"
"1822","RP11-758E17.2"
"1823","RP5-857K21.10"
"1824","SLC35B2"
"1825","TOP2A"
"1826","TTR"
"1827","AC017006.2"
"1828","RP5-857K21.9"
"1829","RP11-1055B8.2"
"1830","ABCG4"
"1831","AC097468.7"
"1832","COL1A2-AS1"
"1833","CTC-459F4.1"
"1834","CTD-2173L22.4"
"1835","HEYL"
"1836","KLHL14"
"1837","LPO"
"1838","NR1H4"
"1839","PCDHA3"
"1840","RASSF9"
"1841","RP11-124L9.2"
"1842","RP11-15A1.4"
"1843","RP11-169F17.1"
"1844","RP11-229C3.2"
"1845","RP11-22B23.3"
"1846","RP11-561C5.5"
"1847","RP11-646I6.3"
"1848","bP-2189O9.2"
"1849","OR2AG1"
"1850","PMEL"
"1851","AC008062.1"
"1852","AC024592.12"
"1853","AC092620.2"
"1854","AC142472.6"
"1855","AL109763.2"
"1856","AL157871.2"
"1857","AP000356.8"
"1858","AP001505.10"
"1859","BCL2L15"
"1860","BFSP2"
"1861","BNIPL"
"1862","C6orf201"
"1863","CARD9"
"1864","CDCA2"
"1865","CKAP2L"
"1866","CTA-113A6.2"
"1867","CTB-129P6.11"
"1868","CTC-428I3.1"
"1869","CTD-2014D20.1"
"1870","CTD-2192A1.1"
"1871","CTD-2197O4.1"
"1872","CTD-2270P14.2"
"1873","CTD-2537I9.12"
"1874","DLL3"
"1875","EIF3C"
"1876","F11R"
"1877","FGFBP3"
"1878","GPR27"
"1879","GYPE"
"1880","HNF1A-AS1"
"1881","IGLV10-54"
"1882","IL4I1"
"1883","KCTD19"
"1884","MEPCE"
"1885","METTL1"
"1886","MKI67"
"1887","MRPS17"
"1888","RFPL3S"
"1889","RN7SL220P"
"1890","RNU6-1057P"
"1891","RP1-158P9.2"
"1892","RP11-1110F20.1"
"1893","RP11-120J1.1"
"1894","RP11-180I4.2"
"1895","RP11-184I16.2"
"1896","RP11-18C24.6"
"1897","RP11-252K23.1"
"1898","RP11-274B21.3"
"1899","RP11-39M21.1"
"1900","RP11-403D15.1"
"1901","RP11-429P3.8"
"1902","RP11-446E24.4"
"1903","RP11-473M20.11"
"1904","RP11-479H16.1"
"1905","RP11-483F11.7"
"1906","RP11-535M15.2"
"1907","RP11-537I16.2"
"1908","RP11-556H2.1"
"1909","RP11-569G13.2"
"1910","RP11-582H21.1"
"1911","RP11-68I3.11"
"1912","RP11-706J10.1"
"1913","RP11-715J22.6"
"1914","RP11-742D12.2"
"1915","RP11-79E3.3"
"1916","RP11-893F2.13"
"1917","RP11-930O11.1"
"1918","SCGB1A1"
"1919","SNHG10"
"1920","SPATA9"
"1921","SWSAP1"
"1922","THAP8"
"1923","TLR10"
"1924","TUFT1"
"1925","ZXDB"
"1926","AC006460.2"
"1927","AC092635.1"
"1928","RP11-170J3.2"
"1929","RP11-343J3.4"
"1930","RP11-1124B17.1"
"1931","RP11-697E14.2"
"1932","RP11-905F6.1"
"1933","AC079584.2"
"1934","CTD-2653D5.1"
"1935","PRDM7"
"1936","RP11-2N5.1"
"1937","RP11-338K13.1"
"1938","RP11-348N5.7"
"1939","RP11-855A2.3"
"1940","RP11-930O11.2"
"1941","RP11-98O2.1"
"1942","RP4-569M23.5"
"1943","RP4-760C5.3"
"1944","RP5-899B16.1"
"1945","SYT15"
"1946","AC104135.4"
"1947","RP4-604K5.3"
"1948","AC007036.6"
"1949","GPAT2"
"1950","RP11-712B9.5"
"1951","LINC00092"
"1952","RP11-927P21.6"
"1953","AC097461.4"
"1954","RP11-104O19.2"
"1955","RP11-407G23.7"
"1956","AZGP1"
"1957","C4BPB"
"1958","CTD-2026C7.1"
"1959","NAT1"
"1960","RP4-539M6.21"
"1961","MYH6"
"1962","RP11-216M21.1"
"1963","RP11-58K22.4"
"1964","AC002116.7"
"1965","AC002472.15"
"1966","AC004383.4"
"1967","AC004383.5"
"1968","AC004455.1"
"1969","AC005154.7"
"1970","AC006039.5"
"1971","AC007128.1"
"1972","AC021188.4"
"1973","AC025335.1"
"1974","BPIFC"
"1975","CCDC184"
"1976","CD3EAP"
"1977","CDCA5"
"1978","CDK1"
"1979","CDPF1"
"1980","CILP"
"1981","COX7A1"
"1982","CPXM1"
"1983","CTA-229A8.5"
"1984","CTB-179K24.3"
"1985","CTC-205M6.3"
"1986","CTC-523E23.3"
"1987","CTD-2128A3.2"
"1988","DNAJC14"
"1989","EIF3CL"
"1990","ESPL1"
"1991","F2R"
"1992","FAM111B"
"1993","FAM89B"
"1994","GBX1"
"1995","HAPLN3"
"1996","HJURP"
"1997","HRH4"
"1998","IRF2BP1"
"1999","ISYNA1"
"2000","KLRB1"
"2001","LCMT2"
"2002","LINC00654"
"2003","MDFI"
"2004","MXRA5"
"2005","MYCNOS"
"2006","OAS3"
"2007","PAK6"
"2008","PAQR4"
"2009","PCDHB6"
"2010","PCDHGB9P"
"2011","PDIA3P1"
"2012","PENK"
"2013","PIK3R2"
"2014","PPP1R3G"
"2015","RN7SL37P"
"2016","RP1-23K20.2"
"2017","RP11-118N24.3"
"2018","RP11-159J3.4"
"2019","RP11-18B3.2"
"2020","RP11-257I14.1"
"2021","RP11-265E18.1"
"2022","RP11-277P12.6"
"2023","RP11-293N1.1"
"2024","RP11-31F15.1"
"2025","RP11-326I19.3"
"2026","RP11-395I6.3"
"2027","RP11-407P18.1"
"2028","RP11-439K3.1"
"2029","RP11-43D4.2"
"2030","RP11-43D4.3"
"2031","RP11-4C20.3"
"2032","RP11-506N2.1"
"2033","RP11-550P17.5"
"2034","RP11-632C17--A.1"
"2035","RP11-637N19.1"
"2036","RP11-728F11.4"
"2037","RP11-74E22.8"
"2038","RP11-873E20.1"
"2039","RP11-901H12.1"
"2040","RP11-93K22.6"
"2041","RP13-1032I1.7"
"2042","RP5-872K7.2"
"2043","RPL10P3"
"2044","RPRM"
"2045","SLC10A3"
"2046","SLC35C1"
"2047","SLC43A3"
"2048","SSSCA1"
"2049","STARD6"
"2050","SYDE1"
"2051","TMED1"
"2052","TRIAP1"
"2053","TSR3"
"2054","TTLL2"
"2055","ZNF443"
"2056","ZNF564"
"2057","ZNF747"
"2058","AC002992.2"
"2059","CTC-439O9.3"
"2060","RP11-443P15.3"
"2061","AC004160.4"
"2062","BCL3"
"2063","CTD-2201E9.1"
"2064","IZUMO2"
"2065","RP11-109P6.2"
"2066","AC008937.2"
"2067","CTA-250D10.19"
"2068","CTA-305I2.1"
"2069","CTD-3076O17.1"
"2070","MTRNR2L1"
"2071","OTX2"
"2072","PATE1"
"2073","PAX3"
"2074","RP11-278C7.3"
"2075","RP11-297L17.1"
"2076","RP11-329B9.1"
"2077","RP11-393I2.2"
"2078","RP11-626P14.1"
"2079","RP5-826L7.1"
"2080","RP5-857K21.6"
"2081","RS1"
"2082","SIGLEC1"
"2083","AC020571.3"
"2084","CTD-2026K11.6"
"2085","MAGEB10"
"2086","RP1-142L7.5"
"2087","RP11-244N9.4"
"2088","AP000641.1"
"2089","ASTL"
"2090","C19orf40"
"2091","C1orf127"
"2092","FRMD7"
"2093","GULOP"
"2094","IMPA1P"
"2095","MYD88"
"2096","RDH5"
"2097","RN7SL559P"
"2098","RP11-128M1.1"
"2099","RP11-133K1.2"
"2100","RP11-305E17.6"
"2101","RP11-68I3.2"
"2102","RP11-959I15.3"
"2103","SPINK13"
"2104","DCST1"
"2105","RP11-141O11.1"
"2106","RP11-506B6.7"
"2107","RP11-577N1.1"
"2108","PRG4"
"2109","RP11-401P9.6"
"2110","RP11-409J23.1"
"2111","AP004243.1"
"2112","RP11-94A24.1"
"2113","RP11-162G10.5"
"2114","RP11-7F17.5"
"2115","AC005808.3"
"2116","AC004870.3"
"2117","RP11-511P7.2"
"2118","bP-21264C1.2"
"2119","CTD-2154I11.2"
"2120","RP11-124L9.1"
"2121","RP11-170N16.3"
"2122","RP11-473M10.2"
"2123","RP11-85G18.6"
"2124","RP11-888D10.3"
"2125","RP11-513G11.4"
"2126","RP11-752D24.2"
"2127","HLA-DRB5"
"2128","RP11-384C4.2"
"2129","AC023797.1"
"2130","KLRC3"
"2131","RP11-280K24.4"
"2132","RP11-407G23.2"
"2133","RP11-434D12.1"
"2134","RP11-541M12.6"
"2135","RP11-2O17.2"
"2136","RP5-1086L22.1"
"2137","AC013400.2"
"2138","CTD-2201E9.2"
"2139","CTD-2287O16.5"
"2140","CTD-2553C6.1"
"2141","HELZ2"
"2142","RAB3IL1"
"2143","RP11-164H5.1"
"2144","RP11-275H4.1"
"2145","RP11-326L24.9"
"2146","RP11-66B24.4"
"2147","RP11-752L20.3"
"2148","RP5-1042K10.10"
"2149","RP11-5N11.5"
"2150","CTC-431G16.2"
"2151","CITF22-49D8.1"
"2152","RP11-422P24.11"
"2153","CTC-265F19.3"
"2154","RP11-397O8.3"
"2155","AC007292.3"
"2156","AC010226.4"
"2157","ATXN8OS"
"2158","CTA-293F17.1"
"2159","PTGDR"
"2160","RP11-158G18.1"
"2161","RP11-327E2.5"
"2162","SNAI2"
"2163","TMEM262"
"2164","AC073934.6"
"2165","RP11-284F21.7"
"2166","RP11-554A11.8"
"2167","RP13-476E20.1"
"2168","RP11-307C19.3"
"2169","RP11-509A17.3"
"2170","BCL2A1"
"2171","CTSW"
